/* 
MySQL - 5.5.25a : Database - station_schema
*********************************************************************
*/
/*!40101 SET NAMES utf8 */;
/*!40101 SET SQL_MODE=''*/;
/*!40014 SET @OLD_UNIQUE_CHECKS=@@UNIQUE_CHECKS, UNIQUE_CHECKS=0 */;
/*!40014 SET @OLD_FOREIGN_KEY_CHECKS=@@FOREIGN_KEY_CHECKS, FOREIGN_KEY_CHECKS=0 */;
/*!40101 SET @OLD_SQL_MODE=@@SQL_MODE, SQL_MODE='NO_AUTO_VALUE_ON_ZERO' */;
/*!40111 SET @OLD_SQL_NOTES=@@SQL_NOTES, SQL_NOTES=0 */;
CREATE DATABASE /*!32312 IF NOT EXISTS*/`station_schema` /*!40100 DEFAULT CHARACTER SET latin1 */;

USE `station_schema`;

/*Table structure for table `rental_methods` */

DROP TABLE IF EXISTS `rental_methods`;

CREATE TABLE `rental_methods` (
  `id` varchar(255) NOT NULL,
  `rental_method` varchar(255) DEFAULT NULL,
  KEY `FK_5jo5dsynw8h1ad5j735og92k2` (`id`),
  CONSTRAINT `FK_5jo5dsynw8h1ad5j735og92k2` FOREIGN KEY (`id`) REFERENCES `stationinfo` (`station_id`)
) ENGINE=InnoDB DEFAULT CHARSET=latin1;

/*Data for the table `rental_methods` */

insert  into `rental_methods`(`id`,`rental_method`) values ('72','KEY'),('72','CREDITCARD'),('79','KEY'),('79','CREDITCARD'),('82','KEY'),('82','CREDITCARD'),('83','KEY'),('83','CREDITCARD'),('116','KEY'),('116','CREDITCARD'),('119','KEY'),('119','CREDITCARD'),('120','KEY'),('120','CREDITCARD'),('127','KEY'),('127','CREDITCARD'),('128','KEY'),('128','CREDITCARD'),('137','KEY'),('137','CREDITCARD'),('143','KEY'),('143','CREDITCARD'),('144','KEY'),('144','CREDITCARD'),('146','KEY'),('146','CREDITCARD'),('147','KEY'),('147','CREDITCARD'),('150','KEY'),('150','CREDITCARD'),('151','KEY'),('151','CREDITCARD'),('152','KEY'),('152','CREDITCARD'),('153','KEY'),('153','CREDITCARD'),('157','KEY'),('157','CREDITCARD'),('161','KEY'),('161','CREDITCARD'),('164','KEY'),('164','CREDITCARD'),('167','KEY'),('167','CREDITCARD'),('168','KEY'),('168','CREDITCARD'),('173','KEY'),('173','CREDITCARD'),('174','KEY'),('174','CREDITCARD'),('195','KEY'),('195','CREDITCARD'),('212','KEY'),('212','CREDITCARD'),('216','KEY'),('216','CREDITCARD'),('217','KEY'),('217','CREDITCARD'),('223','KEY'),('223','CREDITCARD'),('224','KEY'),('224','CREDITCARD'),('225','KEY'),('225','CREDITCARD'),('228','KEY'),('228','CREDITCARD'),('229','KEY'),('229','CREDITCARD'),('232','KEY'),('232','CREDITCARD'),('236','KEY'),('236','CREDITCARD'),('237','KEY'),('237','CREDITCARD'),('238','KEY'),('238','CREDITCARD'),('239','KEY'),('239','CREDITCARD'),('241','KEY'),('241','CREDITCARD'),('242','KEY'),('242','CREDITCARD'),('243','KEY'),('243','CREDITCARD'),('244','KEY'),('244','CREDITCARD'),('245','KEY'),('245','CREDITCARD'),('247','KEY'),('247','CREDITCARD'),('248','KEY'),('248','CREDITCARD'),('249','KEY'),('249','CREDITCARD'),('251','KEY'),('251','CREDITCARD'),('252','KEY'),('252','CREDITCARD'),('253','KEY'),('253','CREDITCARD'),('254','KEY'),('254','CREDITCARD'),('257','KEY'),('257','CREDITCARD'),('258','KEY'),('258','CREDITCARD'),('259','KEY'),('259','CREDITCARD'),('260','KEY'),('260','CREDITCARD'),('261','KEY'),('261','CREDITCARD'),('262','KEY'),('262','CREDITCARD'),('264','KEY'),('264','CREDITCARD'),('265','KEY'),('265','CREDITCARD'),('266','KEY'),('266','CREDITCARD'),('267','KEY'),('267','CREDITCARD'),('268','KEY'),('268','CREDITCARD'),('270','KEY'),('270','CREDITCARD'),('274','KEY'),('274','CREDITCARD'),('275','KEY'),('275','CREDITCARD'),('276','KEY'),('276','CREDITCARD'),('278','KEY'),('278','CREDITCARD'),('279','KEY'),('279','CREDITCARD'),('280','KEY'),('280','CREDITCARD'),('281','KEY'),('281','CREDITCARD'),('282','KEY'),('282','CREDITCARD'),('284','KEY'),('284','CREDITCARD'),('285','KEY'),('285','CREDITCARD'),('289','KEY'),('289','CREDITCARD'),('291','KEY'),('291','CREDITCARD'),('293','KEY'),('293','CREDITCARD'),('295','KEY'),('295','CREDITCARD'),('296','KEY'),('296','CREDITCARD'),('297','KEY'),('297','CREDITCARD'),('298','KEY'),('298','CREDITCARD'),('301','KEY'),('301','CREDITCARD'),('302','KEY'),('302','CREDITCARD'),('303','KEY'),('303','CREDITCARD'),('304','KEY'),('304','CREDITCARD'),('305','KEY'),('305','CREDITCARD'),('306','KEY'),('306','CREDITCARD'),('307','KEY'),('307','CREDITCARD'),('308','KEY'),('308','CREDITCARD'),('309','KEY'),('309','CREDITCARD'),('310','KEY'),('310','CREDITCARD'),('311','KEY'),('311','CREDITCARD'),('312','KEY'),('312','CREDITCARD'),('313','KEY'),('313','CREDITCARD'),('315','KEY'),('315','CREDITCARD'),('316','KEY'),('316','CREDITCARD'),('317','KEY'),('317','CREDITCARD'),('319','KEY'),('319','CREDITCARD'),('320','KEY'),('320','CREDITCARD'),('321','KEY'),('321','CREDITCARD'),('322','KEY'),('322','CREDITCARD'),('323','KEY'),('323','CREDITCARD'),('324','KEY'),('324','CREDITCARD'),('325','KEY'),('325','CREDITCARD'),('326','KEY'),('326','CREDITCARD'),('327','KEY'),('327','CREDITCARD'),('328','KEY'),('328','CREDITCARD'),('330','KEY'),('330','CREDITCARD'),('331','KEY'),('331','CREDITCARD'),('332','KEY'),('332','CREDITCARD'),('334','KEY'),('334','CREDITCARD'),('335','KEY'),('335','CREDITCARD'),('336','KEY'),('336','CREDITCARD'),('337','KEY'),('337','CREDITCARD'),('339','KEY'),('339','CREDITCARD'),('340','KEY'),('340','CREDITCARD'),('341','KEY'),('341','CREDITCARD'),('342','KEY'),('342','CREDITCARD'),('343','KEY'),('343','CREDITCARD'),('344','KEY'),('344','CREDITCARD'),('345','KEY'),('345','CREDITCARD'),('346','KEY'),('346','CREDITCARD'),('347','KEY'),('347','CREDITCARD'),('348','KEY'),('348','CREDITCARD'),('349','KEY'),('349','CREDITCARD'),('350','KEY'),('350','CREDITCARD'),('351','KEY'),('351','CREDITCARD'),('352','KEY'),('352','CREDITCARD'),('353','KEY'),('353','CREDITCARD'),('354','KEY'),('354','CREDITCARD'),('355','KEY'),('355','CREDITCARD'),('356','KEY'),('356','CREDITCARD'),('357','KEY'),('357','CREDITCARD'),('358','KEY'),('358','CREDITCARD'),('359','KEY'),('359','CREDITCARD'),('360','KEY'),('360','CREDITCARD'),('361','KEY'),('361','CREDITCARD'),('362','KEY'),('362','CREDITCARD'),('363','KEY'),('363','CREDITCARD'),('364','KEY'),('364','CREDITCARD'),('365','KEY'),('365','CREDITCARD'),('366','KEY'),('366','CREDITCARD'),('367','KEY'),('367','CREDITCARD'),('368','KEY'),('368','CREDITCARD'),('369','KEY'),('369','CREDITCARD'),('372','KEY'),('372','CREDITCARD'),('373','KEY'),('373','CREDITCARD'),('376','KEY'),('376','CREDITCARD'),('377','KEY'),('377','CREDITCARD'),('379','KEY'),('379','CREDITCARD'),('380','KEY'),('380','CREDITCARD'),('382','KEY'),('382','CREDITCARD'),('383','KEY'),('383','CREDITCARD'),('384','KEY'),('384','CREDITCARD'),('385','KEY'),('385','CREDITCARD'),('386','KEY'),('386','CREDITCARD'),('387','KEY'),('387','CREDITCARD'),('388','KEY'),('388','CREDITCARD'),('389','KEY'),('389','CREDITCARD'),('390','KEY'),('390','CREDITCARD'),('391','KEY'),('391','CREDITCARD'),('392','KEY'),('392','CREDITCARD'),('393','KEY'),('393','CREDITCARD'),('394','KEY'),('394','CREDITCARD'),('395','KEY'),('395','CREDITCARD'),('396','KEY'),('396','CREDITCARD'),('397','KEY'),('397','CREDITCARD'),('398','KEY'),('398','CREDITCARD'),('399','KEY'),('399','CREDITCARD'),('400','KEY'),('400','CREDITCARD'),('401','KEY'),('401','CREDITCARD'),('402','KEY'),('402','CREDITCARD'),('405','KEY'),('405','CREDITCARD'),('406','KEY'),('406','CREDITCARD'),('407','KEY'),('407','CREDITCARD'),('408','KEY'),('408','CREDITCARD'),('409','KEY'),('409','CREDITCARD'),('410','KEY'),('410','CREDITCARD'),('411','KEY'),('411','CREDITCARD'),('412','KEY'),('412','CREDITCARD'),('414','KEY'),('414','CREDITCARD'),('415','KEY'),('415','CREDITCARD'),('416','KEY'),('416','CREDITCARD'),('417','KEY'),('417','CREDITCARD'),('418','KEY'),('418','CREDITCARD'),('419','KEY'),('419','CREDITCARD'),('420','KEY'),('420','CREDITCARD'),('421','KEY'),('421','CREDITCARD'),('422','KEY'),('422','CREDITCARD'),('423','KEY'),('423','CREDITCARD'),('426','KEY'),('426','CREDITCARD'),('427','KEY'),('427','CREDITCARD'),('428','KEY'),('428','CREDITCARD'),('430','KEY'),('430','CREDITCARD'),('432','KEY'),('432','CREDITCARD'),('433','KEY'),('433','CREDITCARD'),('434','KEY'),('434','CREDITCARD'),('435','KEY'),('435','CREDITCARD'),('436','KEY'),('436','CREDITCARD'),('437','KEY'),('437','CREDITCARD'),('438','KEY'),('438','CREDITCARD'),('439','KEY'),('439','CREDITCARD'),('440','KEY'),('440','CREDITCARD'),('441','KEY'),('441','CREDITCARD'),('442','KEY'),('442','CREDITCARD'),('443','KEY'),('443','CREDITCARD'),('444','KEY'),('444','CREDITCARD'),('445','KEY'),('445','CREDITCARD'),('446','KEY'),('446','CREDITCARD'),('447','KEY'),('447','CREDITCARD'),('448','KEY'),('448','CREDITCARD'),('449','KEY'),('449','CREDITCARD'),('450','KEY'),('450','CREDITCARD'),('453','KEY'),('453','CREDITCARD'),('454','KEY'),('454','CREDITCARD'),('455','KEY'),('455','CREDITCARD'),('456','KEY'),('456','CREDITCARD'),('457','KEY'),('457','CREDITCARD'),('458','KEY'),('458','CREDITCARD'),('459','KEY'),('459','CREDITCARD'),('460','KEY'),('460','CREDITCARD'),('461','KEY'),('461','CREDITCARD'),('462','KEY'),('462','CREDITCARD'),('465','KEY'),('465','CREDITCARD'),('466','KEY'),('466','CREDITCARD'),('467','KEY'),('467','CREDITCARD'),('468','KEY'),('468','CREDITCARD'),('469','KEY'),('469','CREDITCARD'),('470','KEY'),('470','CREDITCARD'),('471','KEY'),('471','CREDITCARD'),('472','KEY'),('472','CREDITCARD'),('473','KEY'),('473','CREDITCARD'),('474','KEY'),('474','CREDITCARD'),('475','KEY'),('475','CREDITCARD'),('476','KEY'),('476','CREDITCARD'),('477','KEY'),('477','CREDITCARD'),('478','KEY'),('478','CREDITCARD'),('479','KEY'),('479','CREDITCARD'),('480','KEY'),('480','CREDITCARD'),('481','KEY'),('481','CREDITCARD'),('482','KEY'),('482','CREDITCARD'),('483','KEY'),('483','CREDITCARD'),('484','KEY'),('484','CREDITCARD'),('485','KEY'),('485','CREDITCARD'),('486','KEY'),('486','CREDITCARD'),('487','KEY'),('487','CREDITCARD'),('488','KEY'),('488','CREDITCARD'),('490','KEY'),('490','CREDITCARD'),('491','KEY'),('491','CREDITCARD'),('492','KEY'),('492','CREDITCARD'),('493','KEY'),('493','CREDITCARD'),('494','KEY'),('494','CREDITCARD'),('495','KEY'),('495','CREDITCARD'),('496','KEY'),('496','CREDITCARD'),('497','KEY'),('497','CREDITCARD'),('498','KEY'),('498','CREDITCARD'),('499','KEY'),('499','CREDITCARD'),('500','KEY'),('500','CREDITCARD'),('501','KEY'),('501','CREDITCARD'),('502','KEY'),('502','CREDITCARD'),('503','KEY'),('503','CREDITCARD'),('504','KEY'),('504','CREDITCARD'),('505','KEY'),('505','CREDITCARD'),('507','KEY'),('507','CREDITCARD'),('508','KEY'),('508','CREDITCARD'),('509','KEY'),('509','CREDITCARD'),('511','KEY'),('511','CREDITCARD'),('513','KEY'),('513','CREDITCARD'),('514','KEY'),('514','CREDITCARD'),('515','KEY'),('515','CREDITCARD'),('516','KEY'),('516','CREDITCARD'),('517','KEY'),('517','CREDITCARD'),('518','KEY'),('518','CREDITCARD'),('519','KEY'),('519','CREDITCARD'),('520','KEY'),('520','CREDITCARD'),('522','KEY'),('522','CREDITCARD'),('523','KEY'),('523','CREDITCARD'),('524','KEY'),('524','CREDITCARD'),('525','KEY'),('525','CREDITCARD'),('526','KEY'),('526','CREDITCARD'),('527','KEY'),('527','CREDITCARD'),('528','KEY'),('528','CREDITCARD'),('529','KEY'),('529','CREDITCARD'),('530','KEY'),('530','CREDITCARD'),('531','KEY'),('531','CREDITCARD'),('532','KEY'),('532','CREDITCARD'),('533','KEY'),('533','CREDITCARD'),('534','KEY'),('534','CREDITCARD'),('536','KEY'),('536','CREDITCARD'),('537','KEY'),('537','CREDITCARD'),('539','KEY'),('539','CREDITCARD'),('540','KEY'),('540','CREDITCARD'),('545','KEY'),('545','CREDITCARD'),('546','KEY'),('546','CREDITCARD'),('2000','KEY'),('2000','CREDITCARD'),('2001','KEY'),('2001','CREDITCARD'),('2002','KEY'),('2002','CREDITCARD'),('2003','KEY'),('2003','CREDITCARD'),('2004','KEY'),('2004','CREDITCARD'),('2005','KEY'),('2005','CREDITCARD'),('2006','KEY'),('2006','CREDITCARD'),('2008','KEY'),('2008','CREDITCARD'),('2009','KEY'),('2009','CREDITCARD'),('2010','KEY'),('2010','CREDITCARD'),('2012','KEY'),('2012','CREDITCARD'),('2017','KEY'),('2017','CREDITCARD'),('2021','KEY'),('2021','CREDITCARD'),('2022','KEY'),('2022','CREDITCARD'),('2023','KEY'),('2023','CREDITCARD'),('3002','KEY'),('3002','CREDITCARD'),('3016','KEY'),('3016','CREDITCARD'),('3041','KEY'),('3041','CREDITCARD'),('3042','KEY'),('3042','CREDITCARD'),('3043','KEY'),('3043','CREDITCARD'),('3044','KEY'),('3044','CREDITCARD'),('3046','KEY'),('3046','CREDITCARD'),('3047','KEY'),('3047','CREDITCARD'),('3048','KEY'),('3048','CREDITCARD'),('3049','KEY'),('3049','CREDITCARD'),('3050','KEY'),('3050','CREDITCARD'),('3052','KEY'),('3052','CREDITCARD'),('3053','KEY'),('3053','CREDITCARD'),('3054','KEY'),('3054','CREDITCARD'),('3055','KEY'),('3055','CREDITCARD'),('3056','KEY'),('3056','CREDITCARD'),('3057','KEY'),('3057','CREDITCARD'),('3058','KEY'),('3058','CREDITCARD'),('3059','KEY'),('3059','CREDITCARD'),('3060','KEY'),('3060','CREDITCARD'),('3061','KEY'),('3061','CREDITCARD'),('3062','KEY'),('3062','CREDITCARD'),('3063','KEY'),('3063','CREDITCARD'),('3064','KEY'),('3064','CREDITCARD'),('3065','KEY'),('3065','CREDITCARD'),('3066','KEY'),('3066','CREDITCARD'),('3067','KEY'),('3067','CREDITCARD'),('3068','KEY'),('3068','CREDITCARD'),('3069','KEY'),('3069','CREDITCARD'),('3070','KEY'),('3070','CREDITCARD'),('3071','KEY'),('3071','CREDITCARD'),('3072','KEY'),('3072','CREDITCARD'),('3073','KEY'),('3073','CREDITCARD'),('3074','KEY'),('3074','CREDITCARD'),('3075','KEY'),('3075','CREDITCARD'),('3076','KEY'),('3076','CREDITCARD'),('3077','KEY'),('3077','CREDITCARD'),('3078','KEY'),('3078','CREDITCARD'),('3079','KEY'),('3079','CREDITCARD'),('3080','KEY'),('3080','CREDITCARD'),('3081','KEY'),('3081','CREDITCARD'),('3082','KEY'),('3082','CREDITCARD'),('3083','KEY'),('3083','CREDITCARD'),('3084','KEY'),('3084','CREDITCARD'),('3085','KEY'),('3085','CREDITCARD'),('3086','KEY'),('3086','CREDITCARD'),('3087','KEY'),('3087','CREDITCARD'),('3088','KEY'),('3088','CREDITCARD'),('3089','KEY'),('3089','CREDITCARD'),('3090','KEY'),('3090','CREDITCARD'),('3091','KEY'),('3091','CREDITCARD'),('3092','KEY'),('3092','CREDITCARD'),('3093','KEY'),('3093','CREDITCARD'),('3094','KEY'),('3094','CREDITCARD'),('3095','KEY'),('3095','CREDITCARD'),('3096','KEY'),('3096','CREDITCARD'),('3098','KEY'),('3098','CREDITCARD'),('3099','KEY'),('3099','CREDITCARD'),('3100','KEY'),('3100','CREDITCARD'),('3101','KEY'),('3101','CREDITCARD'),('3102','KEY'),('3102','CREDITCARD'),('3103','KEY'),('3103','CREDITCARD'),('3105','KEY'),('3105','CREDITCARD'),('3106','KEY'),('3106','CREDITCARD'),('3107','KEY'),('3107','CREDITCARD'),('3108','KEY'),('3108','CREDITCARD'),('3109','KEY'),('3109','CREDITCARD'),('3110','KEY'),('3110','CREDITCARD'),('3111','KEY'),('3111','CREDITCARD'),('3112','KEY'),('3112','CREDITCARD'),('3113','KEY'),('3113','CREDITCARD'),('3114','KEY'),('3114','CREDITCARD'),('3115','KEY'),('3115','CREDITCARD'),('3116','KEY'),('3116','CREDITCARD'),('3117','KEY'),('3117','CREDITCARD'),('3118','KEY'),('3118','CREDITCARD'),('3119','KEY'),('3119','CREDITCARD'),('3120','KEY'),('3120','CREDITCARD'),('3121','KEY'),('3121','CREDITCARD'),('3122','KEY'),('3122','CREDITCARD'),('3123','KEY'),('3123','CREDITCARD'),('3124','KEY'),('3124','CREDITCARD'),('3125','KEY'),('3125','CREDITCARD'),('3126','KEY'),('3126','CREDITCARD'),('3127','KEY'),('3127','CREDITCARD'),('3128','KEY'),('3128','CREDITCARD'),('3129','KEY'),('3129','CREDITCARD'),('3130','KEY'),('3130','CREDITCARD'),('3131','KEY'),('3131','CREDITCARD'),('3132','KEY'),('3132','CREDITCARD'),('3134','KEY'),('3134','CREDITCARD'),('3135','KEY'),('3135','CREDITCARD'),('3136','KEY'),('3136','CREDITCARD'),('3137','KEY'),('3137','CREDITCARD'),('3139','KEY'),('3139','CREDITCARD'),('3140','KEY'),('3140','CREDITCARD'),('3141','KEY'),('3141','CREDITCARD'),('3142','KEY'),('3142','CREDITCARD'),('3143','KEY'),('3143','CREDITCARD'),('3144','KEY'),('3144','CREDITCARD'),('3145','KEY'),('3145','CREDITCARD'),('3146','KEY'),('3146','CREDITCARD'),('3147','KEY'),('3147','CREDITCARD'),('3148','KEY'),('3148','CREDITCARD'),('3150','KEY'),('3150','CREDITCARD'),('3151','KEY'),('3151','CREDITCARD'),('3152','KEY'),('3152','CREDITCARD'),('3155','KEY'),('3155','CREDITCARD'),('3156','KEY'),('3156','CREDITCARD'),('3157','KEY'),('3157','CREDITCARD'),('3158','KEY'),('3158','CREDITCARD'),('3159','KEY'),('3159','CREDITCARD'),('3160','KEY'),('3160','CREDITCARD'),('3161','KEY'),('3161','CREDITCARD'),('3162','KEY'),('3162','CREDITCARD'),('3163','KEY'),('3163','CREDITCARD'),('3164','KEY'),('3164','CREDITCARD'),('3165','KEY'),('3165','CREDITCARD'),('3166','KEY'),('3166','CREDITCARD'),('3167','KEY'),('3167','CREDITCARD'),('3168','KEY'),('3168','CREDITCARD'),('3169','KEY'),('3169','CREDITCARD'),('3170','KEY'),('3170','CREDITCARD'),('3171','KEY'),('3171','CREDITCARD'),('3172','KEY'),('3172','CREDITCARD'),('3173','KEY'),('3173','CREDITCARD'),('3175','KEY'),('3175','CREDITCARD'),('3176','KEY'),('3176','CREDITCARD'),('3177','KEY'),('3177','CREDITCARD'),('3178','KEY'),('3178','CREDITCARD'),('3179','KEY'),('3179','CREDITCARD'),('3180','KEY'),('3180','CREDITCARD'),('3183','KEY'),('3183','CREDITCARD'),('3184','KEY'),('3184','CREDITCARD'),('3185','KEY'),('3185','CREDITCARD'),('3186','KEY'),('3186','CREDITCARD'),('3187','KEY'),('3187','CREDITCARD'),('3188','KEY'),('3188','CREDITCARD'),('3189','KEY'),('3189','CREDITCARD'),('3190','KEY'),('3190','CREDITCARD'),('3191','KEY'),('3191','CREDITCARD'),('3192','KEY'),('3192','CREDITCARD'),('3193','KEY'),('3193','CREDITCARD'),('3194','KEY'),('3194','CREDITCARD'),('3195','KEY'),('3195','CREDITCARD'),('3196','KEY'),('3196','CREDITCARD'),('3197','KEY'),('3197','CREDITCARD'),('3198','KEY'),('3198','CREDITCARD'),('3199','KEY'),('3199','CREDITCARD'),('3200','KEY'),('3200','CREDITCARD'),('3201','KEY'),('3201','CREDITCARD'),('3202','KEY'),('3202','CREDITCARD'),('3203','KEY'),('3203','CREDITCARD'),('3205','KEY'),('3205','CREDITCARD'),('3206','KEY'),('3206','CREDITCARD'),('3207','KEY'),('3207','CREDITCARD'),('3209','KEY'),('3209','CREDITCARD'),('3210','KEY'),('3210','CREDITCARD'),('3211','KEY'),('3211','CREDITCARD'),('3212','KEY'),('3212','CREDITCARD'),('3213','KEY'),('3213','CREDITCARD'),('3214','KEY'),('3214','CREDITCARD'),('3215','KEY'),('3215','CREDITCARD'),('3216','KEY'),('3216','CREDITCARD'),('3217','KEY'),('3217','CREDITCARD'),('3220','KEY'),('3220','CREDITCARD'),('3221','KEY'),('3221','CREDITCARD'),('3223','KEY'),('3223','CREDITCARD'),('3224','KEY'),('3224','CREDITCARD'),('3225','KEY'),('3225','CREDITCARD'),('3226','KEY'),('3226','CREDITCARD'),('3230','KEY'),('3230','CREDITCARD'),('3231','KEY'),('3231','CREDITCARD'),('3232','KEY'),('3232','CREDITCARD'),('3233','KEY'),('3233','CREDITCARD'),('3235','KEY'),('3235','CREDITCARD'),('3236','KEY'),('3236','CREDITCARD'),('3237','KEY'),('3237','CREDITCARD'),('3238','KEY'),('3238','CREDITCARD'),('3241','KEY'),('3241','CREDITCARD'),('3242','KEY'),('3242','CREDITCARD'),('3243','KEY'),('3243','CREDITCARD'),('3244','KEY'),('3244','CREDITCARD'),('3246','KEY'),('3246','CREDITCARD'),('3249','KEY'),('3249','CREDITCARD'),('3255','KEY'),('3255','CREDITCARD'),('3256','KEY'),('3256','CREDITCARD'),('3258','KEY'),('3258','CREDITCARD'),('3259','KEY'),('3259','CREDITCARD'),('3260','KEY'),('3260','CREDITCARD'),('3263','KEY'),('3263','CREDITCARD'),('3265','KEY'),('3265','CREDITCARD'),('3267','KEY'),('3267','CREDITCARD'),('3268','KEY'),('3268','CREDITCARD'),('3269','KEY'),('3269','CREDITCARD'),('3270','KEY'),('3270','CREDITCARD'),('3271','KEY'),('3271','CREDITCARD'),('3272','KEY'),('3272','CREDITCARD'),('3273','KEY'),('3273','CREDITCARD'),('3274','KEY'),('3274','CREDITCARD'),('3275','KEY'),('3275','CREDITCARD'),('3276','KEY'),('3276','CREDITCARD'),('3277','KEY'),('3277','CREDITCARD'),('3278','KEY'),('3278','CREDITCARD'),('3279','KEY'),('3279','CREDITCARD'),('3280','KEY'),('3280','CREDITCARD'),('3281','KEY'),('3281','CREDITCARD'),('3282','KEY'),('3282','CREDITCARD'),('3283','KEY'),('3283','CREDITCARD'),('3284','KEY'),('3284','CREDITCARD'),('3285','KEY'),('3285','CREDITCARD'),('3286','KEY'),('3286','CREDITCARD'),('3288','KEY'),('3288','CREDITCARD'),('3289','KEY'),('3289','CREDITCARD'),('3290','KEY'),('3290','CREDITCARD'),('3292','KEY'),('3292','CREDITCARD'),('3293','KEY'),('3293','CREDITCARD'),('3294','KEY'),('3294','CREDITCARD'),('3295','KEY'),('3295','CREDITCARD'),('3296','KEY'),('3296','CREDITCARD'),('3297','KEY'),('3297','CREDITCARD'),('3298','KEY'),('3298','CREDITCARD'),('3299','KEY'),('3299','CREDITCARD'),('3300','KEY'),('3300','CREDITCARD'),('3301','KEY'),('3301','CREDITCARD'),('3302','KEY'),('3302','CREDITCARD'),('3303','KEY'),('3303','CREDITCARD'),('3304','KEY'),('3304','CREDITCARD'),('3305','KEY'),('3305','CREDITCARD'),('3306','KEY'),('3306','CREDITCARD'),('3307','KEY'),('3307','CREDITCARD'),('3308','KEY'),('3308','CREDITCARD'),('3309','KEY'),('3309','CREDITCARD'),('3310','KEY'),('3310','CREDITCARD'),('3311','KEY'),('3311','CREDITCARD'),('3312','KEY'),('3312','CREDITCARD'),('3313','KEY'),('3313','CREDITCARD'),('3314','KEY'),('3314','CREDITCARD'),('3315','KEY'),('3315','CREDITCARD'),('3316','KEY'),('3316','CREDITCARD'),('3317','KEY'),('3317','CREDITCARD'),('3318','KEY'),('3318','CREDITCARD'),('3319','KEY'),('3319','CREDITCARD'),('3320','KEY'),('3320','CREDITCARD'),('3321','KEY'),('3321','CREDITCARD'),('3322','KEY'),('3322','CREDITCARD'),('3323','KEY'),('3323','CREDITCARD'),('3324','KEY'),('3324','CREDITCARD'),('3325','KEY'),('3325','CREDITCARD'),('3326','KEY'),('3326','CREDITCARD'),('3327','KEY'),('3327','CREDITCARD'),('3328','KEY'),('3328','CREDITCARD'),('3329','KEY'),('3329','CREDITCARD'),('3330','KEY'),('3330','CREDITCARD'),('3331','KEY'),('3331','CREDITCARD'),('3332','KEY'),('3332','CREDITCARD'),('3333','KEY'),('3333','CREDITCARD'),('3335','KEY'),('3335','CREDITCARD'),('3336','KEY'),('3336','CREDITCARD'),('3337','KEY'),('3337','CREDITCARD'),('3338','KEY'),('3338','CREDITCARD'),('3339','KEY'),('3339','CREDITCARD'),('3340','KEY'),('3340','CREDITCARD'),('3341','KEY'),('3341','CREDITCARD'),('3342','KEY'),('3342','CREDITCARD'),('3343','KEY'),('3343','CREDITCARD'),('3344','KEY'),('3344','CREDITCARD'),('3345','KEY'),('3345','CREDITCARD'),('3346','KEY'),('3346','CREDITCARD'),('3347','KEY'),('3347','CREDITCARD'),('3348','KEY'),('3348','CREDITCARD'),('3349','KEY'),('3349','CREDITCARD'),('3350','KEY'),('3350','CREDITCARD'),('3351','KEY'),('3351','CREDITCARD'),('3352','KEY'),('3352','CREDITCARD'),('3353','KEY'),('3353','CREDITCARD'),('3354','KEY'),('3354','CREDITCARD'),('3355','KEY'),('3355','CREDITCARD'),('3356','KEY'),('3356','CREDITCARD'),('3357','KEY'),('3357','CREDITCARD'),('3358','KEY'),('3358','CREDITCARD'),('3359','KEY'),('3359','CREDITCARD'),('3360','KEY'),('3360','CREDITCARD'),('3361','KEY'),('3361','CREDITCARD'),('3362','KEY'),('3362','CREDITCARD'),('3363','KEY'),('3363','CREDITCARD'),('3364','KEY'),('3364','CREDITCARD'),('3365','KEY'),('3365','CREDITCARD'),('3366','KEY'),('3366','CREDITCARD'),('3367','KEY'),('3367','CREDITCARD'),('3368','KEY'),('3368','CREDITCARD'),('3369','KEY'),('3369','CREDITCARD'),('3370','KEY'),('3370','CREDITCARD'),('3371','KEY'),('3371','CREDITCARD'),('3372','KEY'),('3372','CREDITCARD'),('3373','KEY'),('3373','CREDITCARD'),('3374','KEY'),('3374','CREDITCARD'),('3375','KEY'),('3375','CREDITCARD'),('3376','KEY'),('3376','CREDITCARD'),('3377','KEY'),('3377','CREDITCARD'),('3378','KEY'),('3378','CREDITCARD'),('3379','KEY'),('3379','CREDITCARD'),('3381','KEY'),('3381','CREDITCARD'),('3382','KEY'),('3382','CREDITCARD'),('3383','KEY'),('3383','CREDITCARD'),('3384','KEY'),('3384','CREDITCARD'),('3386','KEY'),('3386','CREDITCARD'),('3387','KEY'),('3387','CREDITCARD'),('3388','KEY'),('3388','CREDITCARD'),('3389','KEY'),('3389','CREDITCARD'),('3390','KEY'),('3390','CREDITCARD'),('3391','KEY'),('3391','CREDITCARD'),('3392','KEY'),('3392','CREDITCARD'),('3393','KEY'),('3393','CREDITCARD'),('3394','KEY'),('3394','CREDITCARD'),('3395','KEY'),('3395','CREDITCARD'),('3396','KEY'),('3396','CREDITCARD'),('3397','KEY'),('3397','CREDITCARD'),('3398','KEY'),('3398','CREDITCARD'),('3399','KEY'),('3399','CREDITCARD'),('3400','KEY'),('3400','CREDITCARD'),('3401','KEY'),('3401','CREDITCARD'),('3402','KEY'),('3402','CREDITCARD'),('3403','KEY'),('3403','CREDITCARD'),('3404','KEY'),('3404','CREDITCARD'),('3405','KEY'),('3405','CREDITCARD'),('3407','KEY'),('3407','CREDITCARD'),('3408','KEY'),('3408','CREDITCARD'),('3409','KEY'),('3409','CREDITCARD'),('3410','KEY'),('3410','CREDITCARD'),('3411','KEY'),('3411','CREDITCARD'),('3412','KEY'),('3412','CREDITCARD'),('3413','KEY'),('3413','CREDITCARD'),('3414','KEY'),('3414','CREDITCARD'),('3415','KEY'),('3415','CREDITCARD'),('3416','KEY'),('3416','CREDITCARD'),('3417','KEY'),('3417','CREDITCARD'),('3418','KEY'),('3418','CREDITCARD'),('3419','KEY'),('3419','CREDITCARD'),('3420','KEY'),('3420','CREDITCARD'),('3421','KEY'),('3421','CREDITCARD'),('3422','KEY'),('3422','CREDITCARD'),('3423','KEY'),('3423','CREDITCARD'),('3424','KEY'),('3424','CREDITCARD'),('3425','KEY'),('3425','CREDITCARD'),('3427','KEY'),('3427','CREDITCARD'),('3428','KEY'),('3428','CREDITCARD'),('3429','KEY'),('3429','CREDITCARD'),('3430','KEY'),('3430','CREDITCARD'),('3431','KEY'),('3431','CREDITCARD'),('3434','KEY'),('3434','CREDITCARD'),('3435','KEY'),('3435','CREDITCARD'),('3436','KEY'),('3436','CREDITCARD'),('3437','KEY'),('3437','CREDITCARD'),('3438','KEY'),('3438','CREDITCARD'),('3440','KEY'),('3440','CREDITCARD'),('3443','KEY'),('3443','CREDITCARD'),('3445','KEY'),('3445','CREDITCARD'),('3447','KEY'),('3447','CREDITCARD');

/*Table structure for table `stationinfo` */

DROP TABLE IF EXISTS `stationinfo`;

CREATE TABLE `stationinfo` (
  `station_id` varchar(255) NOT NULL,
  `CREATION_DATE` date DEFAULT NULL,
  `MODIFICATION_DATE` datetime DEFAULT NULL,
  `capacity` int(11) DEFAULT NULL,
  `eightd_has_key_dispenser` bit(1) DEFAULT NULL,
  `lat` varchar(255) DEFAULT NULL,
  `lon` varchar(255) DEFAULT NULL,
  `name` varchar(255) DEFAULT NULL,
  `region_id` varchar(255) DEFAULT NULL,
  `short_name` varchar(255) DEFAULT NULL,
  PRIMARY KEY (`station_id`)
) ENGINE=InnoDB DEFAULT CHARSET=latin1;

/*Data for the table `stationinfo` */

insert  into `stationinfo`(`station_id`,`CREATION_DATE`,`MODIFICATION_DATE`,`capacity`,`eightd_has_key_dispenser`,`lat`,`lon`,`name`,`region_id`,`short_name`) values ('116',NULL,NULL,39,'\0','40.74177603','-74.00149746','W 17 St & 8 Ave','71','6148.02'),('119',NULL,NULL,19,'\0','40.69608941','-73.97803415','Park Ave & St Edwards St','71','4700.06'),('120',NULL,NULL,19,'\0','40.68676793','-73.95928168','Lexington Ave & Classon Ave','71','4452.03'),('127',NULL,NULL,31,'\0','40.73172428','-74.00674436','Barrow St & Hudson St','71','5805.05'),('128',NULL,NULL,30,'\0','40.72710258','-74.00297088','MacDougal St & Prince St','71','5687.04'),('137',NULL,NULL,46,'\0','40.761628','-73.972924','E 56 St & Madison Ave','71','6771.02'),('143',NULL,NULL,24,'\0','40.69239502','-73.99337909','Clinton St & Joralemon St','71','4605.04'),('144',NULL,NULL,19,'\0','40.69839895','-73.98068914','Nassau St & Navy St','71','4812.02'),('146',NULL,NULL,39,'\0','40.71625008','-74.0091059','Hudson St & Reade St','71','5359.10'),('147',NULL,NULL,33,'\0','40.71542197','-74.01121978','Greenwich St & Warren St','71','5329.01'),('150',NULL,NULL,31,'\0','40.7208736','-73.98085795','E 2 St & Avenue C','71','5476.03'),('151',NULL,NULL,33,'\0','40.722103786686034','-73.99724900722504','Cleveland Pl & Spring St','71','5492.05'),('152',NULL,NULL,29,'\0','40.71473993','-74.00910627','Warren St & Church St','71','5288.09'),('153',NULL,NULL,55,'\0','40.752062307','-73.9816324043','E 40 St & 5 Ave','71','6474.11'),('157',NULL,NULL,23,'\0','40.69089272','-73.99612349','Henry St & Atlantic Ave','71','4531.05'),('161',NULL,NULL,35,'\0','40.72917025','-73.99810231','LaGuardia Pl & W 3 St','71','5721.14'),('164',NULL,NULL,47,'\0','40.75323098','-73.97032517','E 47 St & 2 Ave','71','6498.10'),('167',NULL,NULL,45,'\0','40.7489006','-73.97604882','E 39 St & 3 Ave','71','6389.03'),('168',NULL,NULL,47,'\0','40.73971301','-73.99456405','W 18 St & 6 Ave','71','6064.08'),('173',NULL,NULL,51,'\0','40.76068327096592','-73.9845272898674','Broadway & W 49 St','71','6708.02'),('174',NULL,NULL,30,'\0','40.7381765','-73.97738662','E 25 St & 1 Ave','71','6004.07'),('195',NULL,NULL,45,'\0','40.70905623','-74.01043382','Liberty St & Broadway','71','5105.01'),('2000',NULL,NULL,30,'\0','40.70255088','-73.98940236','Front St & Washington St','71','4936.01'),('2001',NULL,NULL,15,'\0','40.699773','-73.979927','Sands St & Navy St','71','4812.03'),('2002',NULL,NULL,27,'\0','40.716887','-73.963198','Wythe Ave & Metropolitan Ave','71','5348.02'),('2003',NULL,NULL,39,'\0','40.733812191966315','-73.98054420948029','1 Ave & E 18 St','71','5854.09'),('2004',NULL,NULL,36,'\0','40.724399','-74.004704','6 Ave & Broome St','71','5610.08'),('2005',NULL,NULL,12,'\0','40.70531194','-73.97100056','Railroad Ave & Kay Ave','71','4990.01'),('2006',NULL,NULL,49,'','40.76590936','-73.97634151','Central Park S & 6 Ave','71','6876.04'),('2008',NULL,NULL,24,'','40.70569254','-74.01677685','Little West St & 1 Pl','71','5001.08'),('2009',NULL,NULL,35,'\0','40.71117444','-73.99682619','Catherine St & Monroe St','71','5128.04'),('2010',NULL,NULL,39,'\0','40.72165481','-74.00234737','Grand St & Greene St','71','5500.02'),('2012',NULL,NULL,36,'\0','40.739445','-73.976806','E 27 St & 1 Ave','71','6004.06'),('2017',NULL,NULL,39,'\0','40.75022392','-73.97121414','E 43 St & 2 Ave','71','6422.08'),('2021',NULL,NULL,43,'\0','40.75929124','-73.98859651','W 45 St & 8 Ave','71','6676.02'),('2022',NULL,NULL,33,'\0','40.759107','-73.959223','E 60 St & York Ave','71','6682.08'),('2023',NULL,NULL,36,'\0','40.75968085','-73.97031366','E 55 St & Lexington Ave','71','6732.07'),('212',NULL,NULL,28,'\0','40.74334935','-74.00681753','W 16 St & The High Line','71','6233.05'),('216',NULL,NULL,23,'\0','40.70037867','-73.99548059','Columbia Heights & Cranberry St','71','4829.01'),('217',NULL,NULL,39,'','40.70277159','-73.99383605','Old Fulton St','71','4903.08'),('223',NULL,NULL,3,'\0','40.73781509','-73.99994661','W 13 St & 7 Ave','71','6030.04'),('224',NULL,NULL,31,'\0','40.71146364','-74.00552427','Spruce St & Nassau St','71','5137.10'),('225',NULL,NULL,37,'','40.74195138','-74.00803013','W 14 St & The High Line','71','6157.05'),('228',NULL,NULL,55,'\0','40.7546011026','-73.971878855','E 48 St & 3 Ave','71','6541.03'),('229',NULL,NULL,23,'\0','40.72743423','-73.99379025','Great Jones St','71','5636.11'),('232',NULL,NULL,23,'\0','40.69597683','-73.99014892','Cadman Plaza E & Tillary St','71','4677.01'),('236',NULL,NULL,39,'\0','40.7284186','-73.98713956','St Marks Pl & 2 Ave','71','5669.10'),('237',NULL,NULL,39,'\0','40.73047309','-73.98672378','E 11 St & 2 Ave','71','5746.04'),('238',NULL,NULL,31,'\0','40.7361967','-74.00859207','Bank St & Washington St','71','5964.01'),('239',NULL,NULL,31,'\0','40.69196566','-73.9813018','Willoughby St & Fleet St','71','4628.05'),('241',NULL,NULL,23,'\0','40.68981035','-73.97493121','DeKalb Ave & S Portland Ave','71','4546.04'),('242',NULL,NULL,23,'\0','40.697787','-73.973736','Carlton Ave & Flushing Ave','71','4732.08'),('243',NULL,NULL,31,'\0','40.688226','-73.979382','Fulton St & Rockwell Pl','71','4513.03'),('244',NULL,NULL,31,'\0','40.69196035','-73.96536851','Willoughby Ave & Hall St','71','4611.03'),('245',NULL,NULL,23,'\0','40.69327018','-73.97703874','Myrtle Ave & St Edwards St','71','4659.02'),('247',NULL,NULL,20,'\0','40.73535398','-74.00483091','Perry St & Bleecker St','71','5922.07'),('248',NULL,NULL,23,'\0','40.72185379','-74.00771779','Laight St & Hudson St','71','5539.06'),('249',NULL,NULL,27,'\0','40.71870987','-74.0090009','Harrison St & Hudson St','71','5400.05'),('251',NULL,NULL,27,'\0','40.72317958','-73.99480012','Mott St & Prince St','71','5561.04'),('252',NULL,NULL,33,'\0','40.73226398','-73.99852205','MacDougal St & Washington Sq','71','5797.01'),('253',NULL,NULL,55,'\0','40.73543934','-73.99453948','W 13 St & 5 Ave','71','5947.02'),('254',NULL,NULL,31,'\0','40.73532427','-73.99800419','W 11 St & 6 Ave','71','5914.03'),('257',NULL,NULL,39,'\0','40.71939226','-74.00247214','Lispenard St & Broadway','71','5391.06'),('258',NULL,NULL,23,'\0','40.68940747','-73.96885458','DeKalb Ave & Vanderbilt Ave','71','4461.04'),('259',NULL,NULL,39,'\0','40.70122128','-74.01234218','South St & Whitehall St','71','4846.01'),('260',NULL,NULL,35,'\0','40.70365182','-74.01167797','Broad St & Bridge St','71','4962.08'),('261',NULL,NULL,27,'\0','40.69474881','-73.98362464','Johnson St & Gold St','71','4668.08'),('262',NULL,NULL,24,'\0','40.6917823','-73.9737299','Washington Park','71','4546.05'),('264',NULL,NULL,27,'\0','40.70706456','-74.00731853','Maiden Ln & Pearl St','71','5065.10'),('265',NULL,NULL,35,'\0','40.72229346','-73.99147535','Stanton St & Chrystie St','71','5523.02'),('266',NULL,NULL,24,'\0','40.72368361','-73.97574813','Avenue D & E 8 St','71','5506.10'),('267',NULL,NULL,57,'\0','40.75097711','-73.98765428','Broadway & W 36 St','71','6441.01'),('268',NULL,NULL,27,'\0','40.71910537','-73.99973337','Howard St & Centre St','71','5422.04'),('270',NULL,NULL,23,'\0','40.69308257','-73.97178913','Adelphi St & Myrtle Ave','71','4620.02'),('274',NULL,NULL,31,'\0','40.68691865','-73.976682','Lafayette Ave & Fort Greene Pl','71','4395.04'),('275',NULL,NULL,19,'\0','40.68650065','-73.96563307','Washington Ave & Greene Ave','71','4419.03'),('276',NULL,NULL,25,'\0','40.71748752','-74.0104554','Duane St & Greenwich St','71','5400.08'),('278',NULL,NULL,19,'\0','40.69766564','-73.98476437','Concord St & Bridge St','71','4781.03'),('279',NULL,NULL,36,'\0','40.707873','-74.00167','Peck Slip & Front St','71','5098.10'),('280',NULL,NULL,31,'\0','40.73331967','-73.99510132','E 10 St & 5 Ave','71','5872.08'),('281',NULL,NULL,59,'','40.7643971','-73.97371465','Grand Army Plaza & Central Park S','71','6839.10'),('282',NULL,NULL,27,'\0','40.707644944175705','-73.96841526031494','Kent Ave & S 11 St','71','5062.01'),('284',NULL,NULL,43,'\0','40.7390169121','-74.0026376103','Greenwich Ave & 8 Ave','71','6072.06'),('285',NULL,NULL,47,'','40.73454567','-73.99074142','Broadway & E 14 St','71','5905.12'),('289',NULL,NULL,19,'\0','40.6845683','-73.95881081','Monroe St & Classon Ave','71','4336.01'),('291',NULL,NULL,20,'\0','40.713126','-73.984844','Madison St & Montgomery St','71','5262.09'),('293',NULL,NULL,55,'\0','40.73028666','-73.9907647','Lafayette St & E 8 St','71','5788.13'),('295',NULL,NULL,24,'\0','40.71406667','-73.99293911','Pike St & E Broadway','71','5270.05'),('296',NULL,NULL,35,'\0','40.71413089','-73.9970468','Division St & Bowery','71','5238.04'),('297',NULL,NULL,27,'\0','40.734232','-73.986923','E 15 St & 3 Ave','71','5863.07'),('298',NULL,NULL,4,'\0','40.68683208','-73.9796772','3 Ave & Schermerhorn St','71','4437.01'),('3002',NULL,NULL,25,'','40.711512','-74.015756','South End Ave & Liberty St','71','5184.07'),('301',NULL,NULL,37,'\0','40.72217444','-73.98368779','E 2 St & Avenue B','71','5515.02'),('3016',NULL,NULL,47,'\0','40.72036775298455','-73.96165072917938','Kent Ave & N 7 St','71','5489.03'),('302',NULL,NULL,23,'\0','40.72082834','-73.97793172','Avenue D & E 3 St','71','5436.09'),('303',NULL,NULL,31,'\0','40.72362738','-73.99949601','Mercer St & Spring St','71','5532.01'),('304',NULL,NULL,34,'','40.70463334','-74.01361706','Broadway & Battery Pl','71','4962.01'),('3041',NULL,NULL,24,'\0','40.67890679','-73.94142771','Kingston Ave & Herkimer St','71','4205.06'),('3042',NULL,NULL,19,'\0','40.6794268','-73.9298911','Fulton St & Utica Ave','71','4228.02'),('3043',NULL,NULL,19,'\0','40.6814598','-73.934903','Lewis Ave & Decatur St','71','4237.01'),('3044',NULL,NULL,27,'\0','40.6800105','-73.938475','Albany Ave & Fulton St','71','4237.02'),('3046',NULL,NULL,19,'\0','40.682601','-73.938037','Marcus Garvey Blvd & Macon St','71','4278.03'),('3047',NULL,NULL,21,'\0','40.6823687','-73.944118','Halsey St & Tompkins Ave','71','4319.07'),('3048',NULL,NULL,19,'\0','40.68402','-73.94977','Putnam Ave & Nostrand Ave','71','4327.09'),('3049',NULL,NULL,18,'\0','40.68488','-73.96304','Cambridge Pl & Gates Ave','71','4377.04'),('305',NULL,NULL,33,'\0','40.76095756','-73.96724467','E 58 St & 3 Ave','71','6762.02'),('3050',NULL,NULL,21,'\0','40.6851532','-73.94111','Putnam Ave & Throop Ave','71','4392.04'),('3052',NULL,NULL,23,'\0','40.686312','-73.935775','Lewis Ave & Madison St','71','4425.02'),('3053',NULL,NULL,23,'\0','40.6900815','-73.947915','Marcy Ave & Lafayette Ave','71','4476.03'),('3054',NULL,NULL,19,'\0','40.6894932','-73.942061','Greene Ave & Throop Ave','71','4510.04'),('3055',NULL,NULL,23,'\0','40.6883337','-73.950916','Greene Ave & Nostrand Ave','71','4519.02'),('3056',NULL,NULL,23,'\0','40.69072549','-73.95133465','Kosciuszko St & Nostrand Ave','71','4519.04'),('3057',NULL,NULL,18,'\0','40.69128258','-73.9452416','Kosciuszko St & Tompkins Ave','71','4553.04'),('3058',NULL,NULL,24,'\0','40.69237074','-73.93705428','Lewis Ave & Kosciuszko St','71','4617.01'),('3059',NULL,NULL,19,'\0','40.6933982','-73.939877','Pulaski St & Marcus Garvey Blvd','71','4656.03'),('306',NULL,NULL,37,'\0','40.70823502','-74.00530063','Cliff St & Fulton St','71','5065.11'),('3060',NULL,NULL,19,'\0','40.69425403','-73.94626915','Willoughby Ave & Tompkins Ave','71','4665.02'),('3061',NULL,NULL,21,'\0','40.69622937','-73.94371094','Throop Ave & Myrtle Ave','71','4697.01'),('3062',NULL,NULL,23,'\0','40.69539817','-73.94954908','Myrtle Ave & Marcy Ave','71','4707.03'),('3063',NULL,NULL,20,'\0','40.69527008','-73.95238108','Nostrand Ave & Myrtle Ave','71','4707.04'),('3064',NULL,NULL,23,'\0','40.69681963','-73.93756926','Myrtle Ave & Lewis Ave','71','4729.01'),('3065',NULL,NULL,27,'\0','40.70029511','-73.95032283','Union Ave & Wallabout St','71','4818.03'),('3066',NULL,NULL,19,'\0','40.69957608','-73.94708417','Tompkins Ave & Hopkins St','71','4850.04'),('3067',NULL,NULL,27,'\0','40.7016657','-73.9437303','Broadway & Whipple St','71','4883.03'),('3068',NULL,NULL,24,'\0','40.7031724','-73.940636','Humboldt St & Varet St','71','4956.02'),('3069',NULL,NULL,25,'\0','40.70411791','-73.94818595','Lorimer St & Broadway','71','4965.01'),('307',NULL,NULL,29,'\0','40.71427487','-73.98990025','Canal St & Rutgers St','71','5303.08'),('3070',NULL,NULL,23,'\0','40.70510918','-73.94407279','McKibbin St & Manhattan Ave','71','4996.08'),('3071',NULL,NULL,19,'\0','40.70538077','-73.94976519','Boerum St & Broadway','71','5004.02'),('3072',NULL,NULL,24,'\0','40.70583339','-73.94644578','Leonard St & Boerum St','71','5036.06'),('3073',NULL,NULL,27,'\0','40.70691254','-73.95441667','Division Ave & Hooper St','71','5045.04'),('3074',NULL,NULL,31,'\0','40.70767788','-73.94016171','Montrose Ave & Bushwick Ave','71','5068.02'),('3075',NULL,NULL,33,'\0','40.70708701','-73.95796783','Division Ave & Marcy Ave','71','5084.03'),('3076',NULL,NULL,24,'\0','40.70870368','-73.9448625','Scholes St & Manhattan Ave','71','5108.01'),('3077',NULL,NULL,33,'\0','40.70877084','-73.95095259','Stagg St & Union Ave','71','5117.05'),('3078',NULL,NULL,27,'\0','40.70925562','-73.95982218','Broadway & Roebling St','71','5125.07'),('3079',NULL,NULL,0,'\0','40.71103537','-73.94714303','Leonard St & Grand St','71','5148.04'),('308',NULL,NULL,27,'\0','40.71307916','-73.99851193','St James Pl & Oliver St','71','5238.05'),('3080',NULL,NULL,21,'\0','40.70934','-73.95608','S 4 St & Rodney St','71','5156.05'),('3081',NULL,NULL,23,'\0','40.711863','-73.944024','Graham Ave & Grand St','71','5178.06'),('3082',NULL,NULL,25,'\0','40.71167351','-73.95141312','Hope St & Union Ave','71','5187.03'),('3083',NULL,NULL,30,'\0','40.71247661','-73.94100005','Bushwick Ave & Powers St','71','5250.05'),('3084',NULL,NULL,3,'\0','40.71348658','-73.94792458','Devoe St & Leonard St','71','5259.05'),('3085',NULL,NULL,25,'\0','40.71469','-73.95739','Roebling St & N 4 St','71','5267.09'),('3086',NULL,NULL,25,'\0','40.715143','-73.944507','Graham Ave & Conselyea St','71','5291.05'),('3087',NULL,NULL,30,'\0','40.71413311','-73.95234386','Metropolitan Ave & Meeker Ave','71','5300.05'),('3088',NULL,NULL,19,'\0','40.7160751','-73.952029','Union Ave & Jackson St','71','5300.06'),('3089',NULL,NULL,0,'\0','40.717318403855785','-73.94820213317871','Leonard St & Meeker Ave','71','5332.09'),('309',NULL,NULL,41,'\0','40.7149787','-74.013012','Murray St & West St','71','5329.06'),('3090',NULL,NULL,31,'\0','40.71774592','-73.95600096','N 8 St & Driggs Ave','71','5340.05'),('3091',NULL,NULL,31,'\0','40.71764','-73.94882','Frost St & Meeker St','71','5371.06'),('3092',NULL,NULL,27,'\0','40.7190095','-73.95852515','Berry St & N 8 St','71','5379.09'),('3093',NULL,NULL,28,'\0','40.71745169','-73.95850939','N 6 St & Bedford Ave','71','5379.10'),('3094',NULL,NULL,18,'\0','40.7169811','-73.94485918','Graham Ave & Withers St','71','5403.04'),('3095',NULL,NULL,23,'\0','40.71929301','-73.94500379','Graham Ave & Herbert St','71','5403.05'),('3096',NULL,NULL,39,'\0','40.71924','-73.95242','Union Ave & N 12 St','71','5411.07'),('3098',NULL,NULL,6,'\0','40.71928','-73.94861','Leonard St & Bayard St','71','5442.02'),('3099',NULL,NULL,0,'\0','40.72152240339303','-73.94898265600203','Leonard St & Manhattan Ave','71','5512.03'),('310',NULL,NULL,36,'\0','40.68926942','-73.98912867','State St & Smith St','71','4565.06'),('3100',NULL,NULL,39,'\0','40.724812564400175','-73.94752621650696','Nassau Ave & Newell St','71','5623.03'),('3101',NULL,NULL,27,'\0','40.72079821','-73.95484712','N 12 St & Bedford Ave','71','5450.04'),('3102',NULL,NULL,27,'\0','40.72179134','-73.9504154','Driggs Ave & Lorimer St','71','5481.04'),('3103',NULL,NULL,27,'\0','40.72153267','-73.95782357','N 11 St & Wythe Ave','71','5489.02'),('3105',NULL,NULL,24,'\0','40.724055','-73.955736','N 15 St & Wythe Ave','71','5520.09'),('3106',NULL,NULL,15,'\0','40.72325','-73.94308','Driggs Ave & N Henry St','71','5542.04'),('3107',NULL,NULL,39,'\0','40.72311651','-73.95212324','Bedford Ave & Nassau Ave','71','5550.05'),('3108',NULL,NULL,24,'\0','40.72557','-73.94434','Nassau Ave & Russell St','71','5581.01'),('3109',NULL,NULL,31,'\0','40.72606','-73.95621','Banker St & Meserole Ave','71','5633.04'),('311',NULL,NULL,31,'\0','40.7172274','-73.98802084','Norfolk St & Broome St','71','5374.01'),('3110',NULL,NULL,27,'\0','40.72708584','-73.95299117','Meserole Ave & Manhattan Ave','71','5666.04'),('3111',NULL,NULL,25,'\0','40.7258483','-73.95064893','Norman Ave & Leonard St','71','5666.05'),('3112',NULL,NULL,33,'\0','40.72906','-73.95779','Milton St & Franklin St','71','5752.07'),('3113',NULL,NULL,27,'\0','40.73026','-73.95394','Greenpoint Ave & Manhattan Ave','71','5785.05'),('3114',NULL,NULL,23,'\0','40.73165141','-73.96161892','India St & East River','71','5794.01'),('3115',NULL,NULL,34,'\0','40.73232194','-73.9550858','India St & Manhattan Ave','71','5826.02'),('3116',NULL,NULL,35,'\0','40.73266','-73.95826','Huron St & Franklin St','71','5869.04'),('3117',NULL,NULL,27,'\0','40.73564','-73.95866','Franklin St & Dupont St','71','5944.01'),('3118',NULL,NULL,30,'\0','40.73555','-73.95284','McGuinness Blvd & Eagle St','71','5977.01'),('3119',NULL,NULL,45,'\0','40.74232744','-73.95411749','Vernon Blvd & 50 Ave','71','6170.02'),('312',NULL,NULL,31,'\0','40.722055','-73.989111','Allen St & Stanton St','71','5484.09'),('3120',NULL,NULL,20,'\0','40.74161','-73.96044','Center Blvd & Borden Ave','71','6179.05'),('3121',NULL,NULL,27,'\0','40.74524768','-73.94733276','Jackson Ave & 46 Rd','71','6203.02'),('3122',NULL,NULL,31,'\0','40.744363287066875','-73.9558732509613','48 Ave & 5 St','71','6212.04'),('3123',NULL,NULL,27,'\0','40.74469738','-73.93540375','31 St & Thomson Ave','71','6227.02'),('3124',NULL,NULL,27,'\0','40.74731','-73.95451','46 Ave & 5 St','71','6286.02'),('3125',NULL,NULL,23,'\0','40.74708586','-73.94977234','45 Rd & 11 St','71','6319.01'),('3126',NULL,NULL,34,'\0','40.74718234','-73.9432635','44 Dr & Jackson Ave','71','6352.01'),('3127',NULL,NULL,35,'\0','40.74966','-73.9521','9 St & 44 Rd','71','6361.03'),('3128',NULL,NULL,23,'\0','40.75052534','-73.94594845','21 St & 43 Ave','71','6395.01'),('3129',NULL,NULL,31,'\0','40.75110165','-73.94073717','Queens Plaza North & Crescent St','71','6429.01'),('313',NULL,NULL,23,'\0','40.69610226','-73.96751037','Washington Ave & Park Ave','71','4724.03'),('3130',NULL,NULL,31,'\0','40.75325964','-73.94335788','21 St & Queens Plaza North','71','6471.02'),('3131',NULL,NULL,30,'\0','40.76712840349542','-73.96224617958069','E 68 St & 3 Ave','71','6896.16'),('3132',NULL,NULL,35,'\0','40.76350532','-73.97109243','E 59 St & Madison Ave','71','6801.01'),('3134',NULL,NULL,51,'\0','40.76312584','-73.96526895','3 Ave & E 62 St','71','6762.04'),('3135',NULL,NULL,41,'\0','40.77112927','-73.95772297','E 75 St & 3 Ave','71','6991.12'),('3136',NULL,NULL,47,'\0','40.76650452','-73.97147595','5 Ave & E 63 St','71','6904.06'),('3137',NULL,NULL,31,'','40.77282817','-73.96685276','5 Ave & E 73 St','71','7100.07'),('3139',NULL,NULL,43,'\0','40.77118287540658','-73.96409422159195','E 72 St & Park Ave','71','6998.08'),('3140',NULL,NULL,55,'\0','40.77140426','-73.9535166','1 Ave & E 78 St','71','7020.09'),('3141',NULL,NULL,59,'\0','40.76500525','-73.95818491','1 Ave & E 68 St','71','6822.09'),('3142',NULL,NULL,41,'\0','40.7612274','-73.96094022','1 Ave & E 62 St','71','6753.08'),('3143',NULL,NULL,47,'','40.77682863439968','-73.96388769149779','5 Ave & E 78 St','71','7161.08'),('3144',NULL,NULL,46,'\0','40.77677702','-73.9590097','E 81 St & Park Ave','71','7188.10'),('3145',NULL,NULL,45,'\0','40.77862688','-73.95772073','E 84 St & Park Ave','71','7243.04'),('3146',NULL,NULL,47,'\0','40.77573034','-73.9567526','E 81 St & 3 Ave','71','7154.07'),('3147',NULL,NULL,39,'\0','40.77801203','-73.95407149','E 85 St & 3 Ave','71','7212.05'),('3148',NULL,NULL,27,'\0','40.77565541','-73.95068615','E 84 St & 1 Ave','71','7180.02'),('315',NULL,NULL,29,'\0','40.70355377','-74.00670227','South St & Gouverneur Ln','71','4953.04'),('3150',NULL,NULL,47,'\0','40.77536905','-73.94803392','E 85 St & York Ave','71','7146.04'),('3151',NULL,NULL,31,'\0','40.7728384','-73.94989233','E 81 St & York Ave','71','7084.12'),('3152',NULL,NULL,27,'\0','40.76873687','-73.96119945','3 Ave & E 71 St','71','6960.10'),('3155',NULL,NULL,39,'\0','40.76440023','-73.96648977','Lexington Ave & E 63 St','71','6830.08'),('3156',NULL,NULL,39,'\0','40.76663814','-73.95348296','E 72 St & York Ave','71','6889.12'),('3157',NULL,NULL,27,'\0','40.77518615','-73.94446054','East End Ave & E 86 St','71','7113.08'),('3158',NULL,NULL,31,'\0','40.77163851','-73.98261428','W 63 St & Broadway','71','7052.01'),('3159',NULL,NULL,31,'\0','40.77492513','-73.98266566','W 67 St & Broadway','71','7116.04'),('316',NULL,NULL,43,'\0','40.70955958','-74.00653609','Fulton St & William St','71','5137.11'),('3160',NULL,NULL,39,'','40.77896784','-73.97374737','Central Park West & W 76 St','71','7253.04'),('3161',NULL,NULL,59,'\0','40.7801839724239','-73.97728532552719','W 76 St & Columbus Ave','71','7281.09'),('3162',NULL,NULL,39,'\0','40.78339981','-73.98093133','W 78 St & Broadway','71','7311.07'),('3163',NULL,NULL,43,'','40.7734066','-73.97782542','Central Park West & W 68 St','71','7079.06'),('3164',NULL,NULL,67,'\0','40.7770575','-73.97898475','Columbus Ave & W 72 St','71','7175.05'),('3165',NULL,NULL,51,'','40.77579376683666','-73.9762057363987','Central Park West & W 72 St','71','7141.07'),('3166',NULL,NULL,41,'\0','40.78057799010334','-73.98562431335449','Riverside Dr & W 72 St','71','7288.04'),('3167',NULL,NULL,55,'\0','40.77966809007312','-73.98093044757842','Amsterdam Ave & W 73 St','71','7260.09'),('3168',NULL,NULL,31,'','40.78472675','-73.96961715','Central Park West & W 85 St','71','7354.02'),('3169',NULL,NULL,39,'\0','40.78720869','-73.98128127','Riverside Dr & W 82 St','71','7388.10'),('317',NULL,NULL,27,'\0','40.72453734','-73.98185424','E 6 St & Avenue B','71','5584.04'),('3170',NULL,NULL,35,'\0','40.78499979','-73.97283406','W 84 St & Columbus Ave','71','7382.04'),('3171',NULL,NULL,39,'\0','40.78524672','-73.97667321','Amsterdam Ave & W 82 St','71','7360.10'),('3172',NULL,NULL,27,'\0','40.7785669','-73.97754961','W 74 St & Columbus Ave','71','7230.10'),('3173',NULL,NULL,43,'\0','40.777507027547976','-73.98888587951659','Riverside Blvd & W 67 St','71','7183.03'),('3175',NULL,NULL,0,'\0','40.77748046','-73.98288594','W 70 St & Amsterdam Ave','71','7207.08'),('3176',NULL,NULL,43,'\0','40.77452835','-73.98753759','W 64 St & West End Ave','71','7087.09'),('3177',NULL,NULL,63,'\0','40.7867947','-73.977112','W 84 St & Broadway','71','7409.08'),('3178',NULL,NULL,39,'\0','40.78414472','-73.98362492','Riverside Dr & W 78 St','71','7340.06'),('3179',NULL,NULL,23,'\0','40.698617','-73.941342','Park Ave & Marcus Garvey Blvd','71','4768.02'),('3180',NULL,NULL,31,'\0','40.69878','-73.99712','Brooklyn Bridge Park - Pier 2','71','4829.05'),('3183',NULL,NULL,30,'\0','40.7162469','-74.0334588','Exchange Place','70','JC001'),('3184',NULL,NULL,14,'\0','40.7141454','-74.0335519','Paulus Hook','70','JC002'),('3185',NULL,NULL,22,'\0','40.7177325','-74.043845','City Hall','70','JC003'),('3186',NULL,NULL,42,'\0','40.71958611647166','-74.04311746358871','Grove St PATH','70','JC005'),('3187',NULL,NULL,22,'\0','40.7211236','-74.03805095','Warren St','70','JC006'),('3188',NULL,NULL,18,'\0','40.7101087','-74.0858489','NJCU','70','JC046'),('3189',NULL,NULL,14,'\0','40.714402','-74.0887723','West Side Light Rail','70','JC047'),('319',NULL,NULL,33,'\0','40.711066','-74.009447','Fulton St & Broadway','71','5175.08'),('3190',NULL,NULL,14,'\0','40.7104670233797','-74.07003879547119','Garfield Ave Station','70','JC049'),('3191',NULL,NULL,18,'\0','40.7182113','-74.0836394','Union St','70','JC051'),('3192',NULL,NULL,22,'\0','40.7112423','-74.0557013','Liberty Light Rail','70','JC052'),('3193',NULL,NULL,18,'\0','40.7246050998869','-74.07840594649315','Lincoln Park','70','JC053'),('3194',NULL,NULL,22,'\0','40.7253399253558','-74.06762212514877','McGinley Square','70','JC055'),('3195',NULL,NULL,37,'\0','40.73074262530658','-74.06378388404846','Sip Ave','70','JC056'),('3196',NULL,NULL,18,'\0','40.7443187','-74.0439909','Riverview Park','70','JC057'),('3197',NULL,NULL,18,'\0','40.752559','-74.044725','North St','70','JC058'),('3198',NULL,NULL,18,'\0','40.748715945380226','-74.04044330120087','Heights Elevator','70','JC059'),('3199',NULL,NULL,14,'\0','40.7287448','-74.0321082','Newport Pkwy','70','JC008'),('320',NULL,NULL,39,'\0','40.717571','-74.005549','Leonard St & Church St','71','5359.11'),('3200',NULL,NULL,18,'\0','40.7111305','-74.0788855','MLK Light Rail','70','JC063'),('3201',NULL,NULL,18,'\0','40.737711','-74.066921','Dey St','70','JC065'),('3202',NULL,NULL,18,'\0','40.7272235','-74.0337589','Newport PATH','70','JC066'),('3203',NULL,NULL,26,'\0','40.727595966','-74.044247311','Hamilton Park','70','JC009'),('3205',NULL,NULL,22,'\0','40.71653978099194','-74.0496379137039','JC Medical Center','70','JC011'),('3206',NULL,NULL,26,'\0','40.7311689','-74.0575736','Hilltop','70','JC019'),('3207',NULL,NULL,26,'\0','40.7376037','-74.0524783','Oakland Ave','70','JC022'),('3209',NULL,NULL,21,'\0','40.7241765','-74.0506564','Brunswick St','70','JC023'),('321',NULL,NULL,27,'\0','40.69991755','-73.98971773','Cadman Plaza E & Red Cross Pl','71','4821.06'),('3210',NULL,NULL,18,'\0','40.742677141','-74.051788633','Pershing Field','70','JC024'),('3211',NULL,NULL,22,'\0','40.72152515','-74.046304543','Newark Ave','70','JC032'),('3212',NULL,NULL,22,'\0','40.734785818','-74.050443636','Christ Hospital','70','JC034'),('3213',NULL,NULL,21,'\0','40.71848892','-74.047726625','Van Vorst Park','70','JC035'),('3214',NULL,NULL,22,'\0','40.7127742','-74.0364857','Essex Light Rail','70','JC038'),('3215',NULL,NULL,18,'\0','40.7467299','-74.0492509','Central Ave','70','JC042'),('3216',NULL,NULL,18,'\0','40.6970299','-74.0969366','Columbia Park','70','JC044'),('3217',NULL,NULL,18,'\0','40.698650544','-74.082079678','Bayside Park','70','JC045'),('322',NULL,NULL,31,'\0','40.696192','-73.991218','Clinton St & Tillary St','71','4748.04'),('3220',NULL,NULL,18,'\0','40.734961020009514','-74.0595030784607','5 Corners Library','70','JC018'),('3221',NULL,NULL,27,'\0','40.743','-73.93561','47 Ave & 31 St','71','6151.03'),('3223',NULL,NULL,55,'\0','40.758996559605116','-73.96865397691727','E 55 St & 3 Ave','71','6691.12'),('3224',NULL,NULL,39,'\0','40.73997354103409','-74.00513872504234','W 13 St & Hudson St','71','6072.12'),('3225',NULL,NULL,14,'\0','40.7236589','-74.0641943','Baldwin at Montgomery','70','JC020'),('3226',NULL,NULL,45,'','40.78275','-73.97137','W 82 St & Central Park West','71','7304.08'),('323',NULL,NULL,39,'\0','40.69236178','-73.98631746','Lawrence St & Willoughby St','71','4596.09'),('3230',NULL,NULL,7,'\0','40.751283596962296','-73.99692445993422','Penn Station Valet','71','6416.07'),('3231',NULL,NULL,39,'\0','40.76780080148132','-73.96592080593109','E 67 St & Park Ave','71','6932.14'),('3232',NULL,NULL,31,'\0','40.68962188790333','-73.98304268717766','Bond St & Fulton St','71','4479.06'),('3233',NULL,NULL,39,'\0','40.75724567911726','-73.97805914282799','E 48 St & 5 Ave','71','6626.01'),('3235',NULL,NULL,31,'\0','40.752165280621966','-73.97992193698882','E 41 St & Madison Ave','71','6474.12'),('3236',NULL,NULL,33,'\0','40.75898481399634','-73.99379968643188','W 42 St & Dyer Ave','71','6644.07'),('3237',NULL,NULL,1,'\0','40.75383343437622','-73.94267678260802','21 St & 41 Ave','71','6548.01'),('3238',NULL,NULL,37,'\0','40.77391390238118','-73.9543953537941','E 80 St & 2 Ave','71','7121.02'),('324',NULL,NULL,51,'\0','40.689888','-73.981013','DeKalb Ave & Hudson Ave','71','4513.06'),('3241',NULL,NULL,19,'\0','40.686203','-73.944694','Monroe St & Tompkins Ave','71','4434.06'),('3242',NULL,NULL,39,'\0','40.69102925677968','-73.99183362722397','Schermerhorn St & Court St','71','4565.04'),('3243',NULL,NULL,29,'\0','40.75892386377695','-73.96226227283478','E 58 St & 1 Ave','71','6682.03'),('3244',NULL,NULL,31,'\0','40.73143724085228','-73.99490341544151','University Pl & E 8 St','71','5755.14'),('3246',NULL,NULL,27,'\0','40.694281141397326','-73.99230033159256','Montague St & Clinton St','71','4677.06'),('3249',NULL,NULL,15,'\0','40.6803560840434','-73.9476791024208','Verona Pl & Fulton St','71','4124.04'),('325',NULL,NULL,35,'\0','40.73624527','-73.98473765','E 19 St & 3 Ave','71','5938.01'),('3255',NULL,NULL,67,'\0','40.7505853470215','-73.9946848154068','8 Ave & W 31 St','71','6450.05'),('3256',NULL,NULL,22,'\0','40.7277140777778','-74.01129573583603','Pier 40 - Hudson River Park','71','5696.03'),('3258',NULL,NULL,37,'\0','40.75018156325683','-74.00218427181244','W 27 St & 10 Ave','71','6382.08'),('3259',NULL,NULL,27,'\0','40.74937024193277','-73.99923384189606','9 Ave & W 28 St','71','6416.08'),('326',NULL,NULL,27,'\0','40.72953837','-73.98426726','E 11 St & 1 Ave','71','5746.14'),('3260',NULL,NULL,31,'\0','40.72706363348306','-73.99662137031554','Mercer St & Bleecker St','71','5679.05'),('3263',NULL,NULL,59,'\0','40.72923649910006','-73.99086803197861','Cooper Square & E 7 St','71','5712.03'),('3265',NULL,NULL,31,'\0','40.7245634290432','-73.9894437789917','E 2 St & 2 Ave','71','5593.10'),('3267',NULL,NULL,14,'\0','40.7124188237569','-74.03852552175522','Morris Canal','70','JC072'),('3268',NULL,NULL,14,'\0','40.71346382669195','-74.06285852193832','Lafayette Park','70','JC078'),('3269',NULL,NULL,14,'\0','40.72601172964625','-74.05038893222809','Brunswick & 6th','70','JC081'),('327',NULL,NULL,39,'','40.7153379','-74.01658354','Vesey Pl & River Terrace','71','5297.02'),('3270',NULL,NULL,14,'\0','40.72528910781132','-74.04557168483734','Jersey & 6th St','70','JC027'),('3271',NULL,NULL,11,'\0','40.69263996618329','-74.08801227807997','Danforth Light Rail','70','JC083'),('3272',NULL,NULL,14,'\0','40.72333158646436','-74.04595255851744','Jersey & 3rd','70','JC074'),('3273',NULL,NULL,18,'\0','40.721650724879986','-74.04288411140442','Manila & 1st','70','JC082'),('3274',NULL,NULL,14,'\0','40.704957516728605','-74.08593088388443','Bethune Center','70','JC079'),('3275',NULL,NULL,14,'\0','40.71835519823214','-74.03891444206238','Columbus Drive','70','JC014'),('3276',NULL,NULL,26,'\0','40.71458403535893','-74.04281705617905','Marin Light Rail','70','JC013'),('3277',NULL,NULL,14,'\0','40.71435836870427','-74.06661093235016','Communipaw & Berry Lane','70','JC084'),('3278',NULL,NULL,14,'\0','40.72568548362901','-74.04879033565521','Monmouth and 6th','70','JC075'),('3279',NULL,NULL,18,'\0','40.721630142638354','-74.04996782541275','Dixon Mills','70','JC076'),('328',NULL,NULL,23,'\0','40.72405549','-74.00965965','Watts St & Greenwich St','71','5578.02'),('3280',NULL,NULL,14,'\0','40.71928220070702','-74.07126188278198','Astor Place','70','JC077'),('3281',NULL,NULL,14,'\0','40.74590996631558','-74.0572714805603','Leonard Gordon Park','70','JC080'),('3282',NULL,NULL,38,'','40.78307','-73.95939','5 Ave & E 88 St','71','7323.10'),('3283',NULL,NULL,43,'\0','40.7882213','-73.97041561','W 89 St & Columbus Ave','71','7432.09'),('3284',NULL,NULL,41,'\0','40.781410700190015','-73.95595908164978','E 88 St & Park Ave','71','7293.10'),('3285',NULL,NULL,43,'\0','40.78839','-73.9747','W 87 St  & Amsterdam Ave','71','7458.03'),('3286',NULL,NULL,39,'\0','40.7806284','-73.9521667','E 89 St & 3 Ave','71','7265.10'),('3288',NULL,NULL,39,'\0','40.778301','-73.9488134','E 88 St & 1 Ave','71','7235.13'),('3289',NULL,NULL,31,'\0','40.79017948095081','-73.97288918495178','W 90 St & Amsterdam Ave','71','7432.04'),('3290',NULL,NULL,35,'\0','40.7779453','-73.946041','E 89 St & York Ave','71','7204.08'),('3292',NULL,NULL,43,'','40.7857851','-73.957481','5 Ave & E 93 St','71','7372.10'),('3293',NULL,NULL,24,'\0','40.7921','-73.9739','W 92 St & Broadway','71','7502.01'),('3294',NULL,NULL,35,'','40.7835016','-73.955327','E 91 St & Park Ave','71','7344.05'),('3295',NULL,NULL,59,'','40.79127','-73.964839','Central Park W & W 96 St','71','7499.05'),('3296',NULL,NULL,0,'\0','40.78250564729024','-73.94887804985046','Coming Soon: E 93 St & 2 Ave','71','7286.11'),('3297',NULL,NULL,21,'\0','40.6686627','-73.97988067','6 St & 7 Ave','71','3834.10'),('3298',NULL,NULL,23,'\0','40.686371','-73.99383324','Warren St & Court St','71','4413.08'),('3299',NULL,NULL,0,'\0','40.78727853502096','-73.95010516047478','Coming Soon: E 98 St & Lexington Ave','71','7443.11'),('330',NULL,NULL,39,'\0','40.71450451','-74.00562789','Reade St & Broadway','71','5247.10'),('3300',NULL,NULL,25,'','40.66514681533792','-73.97637605667114','Prospect Park West & 8 St','71','3722.04'),('3301',NULL,NULL,39,'\0','40.7919557','-73.968087','Columbus Ave & W 95 St','71','7520.07'),('3302',NULL,NULL,23,'\0','40.7969347','-73.9643412291','Columbus Ave & W 103 St','71','7595.17'),('3303',NULL,NULL,25,'\0','40.6849894','-73.99440329','Butler St & Court St','71','4339.01'),('3304',NULL,NULL,27,'\0','40.668127','-73.98377641','6 Ave & 9 St','71','3803.09'),('3305',NULL,NULL,39,'\0','40.78112229934166','-73.94965589046478','E 91 St & 2 Ave','71','7286.01'),('3306',NULL,NULL,23,'\0','40.6662078','-73.98199886','10 St & 7 Ave','71','3762.08'),('3307',NULL,NULL,31,'\0','40.7941654','-73.974124','West End Ave & W 94 St','71','7524.09'),('3308',NULL,NULL,27,'\0','40.6861758','-73.99645295','Kane St & Clinton St','71','4455.11'),('3309',NULL,NULL,30,'\0','40.7859201','-73.94860294','E 97 St & 3 Ave','71','7365.08'),('331',NULL,NULL,27,'\0','40.71173107','-73.99193043','Pike St & Monroe St','71','5159.04'),('3310',NULL,NULL,24,'\0','40.663779','-73.98396846','14 St & 7 Ave','71','3731.11'),('3311',NULL,NULL,21,'\0','40.68763155','-74.0016256','Columbia St & Kane St','71','4422.05'),('3312',NULL,NULL,39,'\0','40.7817212','-73.94594','1 Ave & E 94 St','71','7286.05'),('3313',NULL,NULL,29,'\0','40.6663181','-73.9854617','6 Ave & 12 St','71','3803.05'),('3314',NULL,NULL,32,'\0','40.7937704','-73.971888','W 95 St & Broadway','71','7541.01'),('3315',NULL,NULL,23,'\0','40.6847514','-73.99917254','Henry St & Degraw St','71','4380.08'),('3316',NULL,NULL,47,'\0','40.7989937','-73.9662173778','W 104 St & Amsterdam Ave','71','7610.14'),('3317',NULL,NULL,24,'\0','40.6686273','-73.98700053','10 St & 5 Ave','71','3842.08'),('3318',NULL,NULL,0,'\0','40.7839636','-73.9471673','Coming Soon: 2 Ave & E 96 St','71','7333.02'),('3319',NULL,NULL,18,'\0','40.666287','-73.98895053','14 St & 5 Ave','71','3771.06'),('332',NULL,NULL,24,'\0','40.71219906','-73.97948148','Cherry St','71','5181.04'),('3320',NULL,NULL,49,'','40.793393','-73.9635556','Central Park West & W 100 St','71','7538.12'),('3321',NULL,NULL,25,'\0','40.6831164','-73.99785267','Clinton St & Union St','71','4266.03'),('3322',NULL,NULL,25,'\0','40.668603','-73.9904394','12 St & 4 Ave','71','3882.01'),('3323',NULL,NULL,59,'','40.7981856','-73.9605909006','W 106 St & Central Park West','71','7606.01'),('3324',NULL,NULL,25,'\0','40.6685455','-73.99333264','3 Ave & 14 St','71','3850.03'),('3325',NULL,NULL,31,'\0','40.7849032','-73.950503','E 95 St & 3 Ave','71','7365.13'),('3326',NULL,NULL,21,'\0','40.67434','-74.00194698','Clinton St & Centre St','71','4045.01'),('3327',NULL,NULL,27,'\0','40.7877214','-73.94728331','3 Ave & E 100 St','71','7414.17'),('3328',NULL,NULL,39,'\0','40.795','-73.9645','W 100 St & Manhattan Ave','71','7538.14'),('3329',NULL,NULL,27,'\0','40.6829151','-73.99318208','Degraw St & Smith St','71','4298.05'),('3330',NULL,NULL,19,'\0','40.6725058','-74.00494695','Henry St & Bay St','71','3972.08'),('3331',NULL,NULL,39,'','40.8013434','-73.9711457439','Riverside Dr & W 104 St','71','7623.13'),('3332',NULL,NULL,19,'\0','40.681990442707026','-73.99079024791718','Degraw St & Hoyt St','71','4258.07'),('3333',NULL,NULL,21,'\0','40.6747055','-74.0075572','Columbia St & Lorraine St','71','4103.08'),('3335',NULL,NULL,28,'\0','40.6772744','-73.98282002','Union St & 4 Ave','71','4175.15'),('3336',NULL,NULL,41,'\0','40.787801','-73.953559','E 97 St & Madison Ave','71','7393.09'),('3337',NULL,NULL,0,'\0','40.67363551341504','-74.01195555925369','Coming Soon: Dwight St & Van Dyke St','71','3981.10'),('3338',NULL,NULL,31,'\0','40.7862586','-73.94552579','2 Ave & E 99 St','71','7386.10'),('3339',NULL,NULL,23,'\0','40.6765304','-73.97846879','Berkeley Pl & 6 Ave','71','4134.06'),('334',NULL,NULL,31,'\0','40.74238787','-73.99726235','W 20 St & 7 Ave','71','6182.02'),('3340',NULL,NULL,21,'\0','40.6753274','-74.0100698','Wolcott St & Dwight St','71','4054.02'),('3341',NULL,NULL,41,'','40.795346','-73.96186','Central Park West & W 102 St','71','7577.24'),('3342',NULL,NULL,23,'\0','40.6777748','-74.0094613','Pioneer St & Richards St','71','4128.08'),('3343',NULL,NULL,23,'\0','40.7997568','-73.9621128676','W 107 St & Columbus Ave','71','7619.05'),('3344',NULL,NULL,19,'\0','40.679043','-74.011169','Pioneer St & Van Brunt St','71','4169.04'),('3345',NULL,NULL,35,'\0','40.78948541553215','-73.95242929458618','Madison Ave & E 99 St','71','7443.01'),('3346',NULL,NULL,29,'\0','40.675146838709786','-73.97523209452629','Berkeley Pl & 7 Ave','71','4051.01'),('3347',NULL,NULL,21,'\0','40.6773429','-74.01275056','Van Brunt St & Wolcott St','71','4095.03'),('3348',NULL,NULL,15,'\0','40.677236','-74.015665','Coffey St & Conover St','71','4137.10'),('3349',NULL,NULL,30,'\0','40.6729679','-73.97087984','Grand Army Plaza & Plaza St West','71','4010.15'),('335',NULL,NULL,27,'\0','40.72903917','-73.99404649','Washington Pl & Broadway','71','5755.01'),('3350',NULL,NULL,39,'\0','40.7973721','-73.97041192','W 100 St & Broadway','71','7580.01'),('3351',NULL,NULL,25,'\0','40.7869946','-73.94164802','E 102 St & 1 Ave','71','7407.13'),('3352',NULL,NULL,21,'\0','40.67267243410948','-74.0087952464819','Sigourney St & Columbia St','71','3940.04'),('3353',NULL,NULL,24,'\0','40.6747844','-74.01612847','Reed St & Van Brunt St','71','4022.06'),('3354',NULL,NULL,31,'\0','40.668132','-73.97363831','3 St & Prospect Park West','71','3865.05'),('3355',NULL,NULL,25,'\0','40.76800889305947','-73.96845281124115','E 66 St & Madison Ave','71','6969.08'),('3356',NULL,NULL,21,'\0','40.7746671','-73.98470567','Amsterdam Ave & W 66 St','71','7149.05'),('3357',NULL,NULL,35,'\0','40.8008363','-73.9664492472','W 106 St & Amsterdam Ave','71','7634.01'),('3358',NULL,NULL,25,'\0','40.6711978','-73.97484126','Garfield Pl & 8 Ave','71','3978.13'),('3359',NULL,NULL,35,'\0','40.7691572','-73.96703464','E 68 St & Madison Ave','71','6932.15'),('336',NULL,NULL,36,'\0','40.73047747','-73.99906065','Sullivan St & Washington Sq','71','5721.01'),('3360',NULL,NULL,25,'\0','40.7829391','-73.9786517','Amsterdam Ave & W 79 St','71','7311.02'),('3361',NULL,NULL,23,'\0','40.6740886','-73.9787282','Carroll St & 6 Ave','71','4019.06'),('3362',NULL,NULL,34,'\0','40.7781314','-73.96069399','Madison Ave & E 82 St','71','7188.13'),('3363',NULL,NULL,33,'\0','40.7904828','-73.95033068','E 102 St & Park Ave','71','7488.24'),('3364',NULL,NULL,27,'\0','40.6751622','-73.9814832','Carroll St & 5 Ave','71','4060.09'),('3365',NULL,NULL,27,'\0','40.6703837','-73.97839676','3 St & 7 Ave','71','3905.15'),('3366',NULL,NULL,31,'\0','40.8021174','-73.9681805305','West End Ave & W 107 St','71','7650.05'),('3367',NULL,NULL,39,'','40.7922553','-73.95249933','5 Ave & E 103 St','71','7511.19'),('3368',NULL,NULL,30,'\0','40.6728155','-73.98352355','5 Ave & 3 St','71','3987.06'),('3369',NULL,NULL,0,'\0','40.7730159','-73.94637823','Coming Soon: 83 St & East End Ave','71','7049.08'),('337',NULL,NULL,37,'\0','40.7037992','-74.00838676','Old Slip & Front St','71','4993.12'),('3370',NULL,NULL,25,'\0','40.7727966','-73.95577801','E 78 St & 2 Ave','71','7057.07'),('3371',NULL,NULL,27,'\0','40.674613422475815','-73.98501142859459','4 Ave & 2 St','71','4028.05'),('3372',NULL,NULL,39,'\0','40.7689738','-73.95482273','E 74 St & 1 Ave','71','6953.08'),('3373',NULL,NULL,27,'\0','40.6750705','-73.98775226','3 St & 3 Ave','71','4028.03'),('3374',NULL,NULL,36,'\0','40.799484','-73.955613','Central Park North & Adam Clayton Powell Blvd','71','7617.07'),('3375',NULL,NULL,35,'\0','40.7699426','-73.96060712','3 Ave & E 72 St','71','7028.04'),('3376',NULL,NULL,39,'\0','40.76471851944339','-73.96222069859505','E 65 St & 2 Ave','71','6860.12'),('3377',NULL,NULL,25,'\0','40.6786115','-73.99037292','Carroll St & Bond St','71','4184.07'),('3378',NULL,NULL,28,'\0','40.773763','-73.96222088','E 76 St & Park Ave','71','7128.08'),('3379',NULL,NULL,35,'\0','40.7903051','-73.94755757','E 103 St & Lexington Ave','71','7463.09'),('3381',NULL,NULL,21,'\0','40.6777287','-73.99364123','3 St & Hoyt St','71','4110.10'),('3382',NULL,NULL,31,'\0','40.680611','-73.99475825','Carroll St & Smith St','71','4225.14'),('3383',NULL,NULL,25,'\0','40.804213','-73.96699104','Cathedral Pkwy & Broadway','71','7680.03'),('3384',NULL,NULL,25,'\0','40.6787242','-73.99599099','Smith St & 3 St','71','4151.01'),('3386',NULL,NULL,27,'\0','40.6809591','-73.99905709','1 Pl & Clinton St','71','4193.14'),('3387',NULL,NULL,25,'\0','40.7934337','-73.94945003','E 106 St & Madison Ave','71','7528.31'),('3388',NULL,NULL,25,'\0','40.6828003','-73.99990419','President St & Henry St','71','4307.13'),('3389',NULL,NULL,28,'\0','40.6830456','-74.00348559','Carroll St & Columbia St','71','4348.07'),('339',NULL,NULL,24,'\0','40.72580614','-73.97422494','Avenue D & E 12 St','71','5575.08'),('3390',NULL,NULL,24,'\0','40.79329668','-73.9432083','E 109 St & 3 Ave','71','7504.12'),('3391',NULL,NULL,25,'\0','40.7892529','-73.93956237','E 106 St & 1 Ave','71','7456.03'),('3392',NULL,NULL,19,'\0','40.6812117','-74.00860912','Commerce St & Van Brunt St','71','4243.01'),('3393',NULL,NULL,19,'\0','40.6794327','-74.00785041','Richards St & Delavan St','71','4202.04'),('3394',NULL,NULL,21,'\0','40.6769993','-74.00647134','Columbia St & W 9 St','71','4086.05'),('3395',NULL,NULL,19,'\0','40.6763744','-74.00324957','Henry St & W 9 St','71','4086.06'),('3396',NULL,NULL,25,'\0','40.6783563','-74.00014502','Clinton St & 4 Place','71','4119.04'),('3397',NULL,NULL,25,'\0','40.6763947','-73.99869893','Court St & Nelson St','71','4077.07'),('3398',NULL,NULL,23,'\0','40.6746957','-73.99785768','Smith St & 9 St','71','4077.04'),('3399',NULL,NULL,21,'\0','40.67260298150126','-73.98983001708984','7 St & 3 Ave','71','3996.01'),('340',NULL,NULL,27,'\0','40.71269042','-73.98776323','Madison St & Clinton St','71','5190.07'),('3400',NULL,NULL,24,'','40.7961535','-73.94782145','E 110 St & Madison Ave','71','7587.14'),('3401',NULL,NULL,19,'\0','40.6724811','-73.99331394','2 Ave & 9 St','71','3996.04'),('3402',NULL,NULL,23,'\0','40.6902375','-73.99203074','Court St & State St','71','4488.08'),('3403',NULL,NULL,31,'\0','40.6705135','-73.98876585','4 Ave & 9 St','71','3955.05'),('3404',NULL,NULL,27,'\0','40.6704922','-73.98541675','7 St & 5 Ave','71','3914.02'),('3405',NULL,NULL,15,'\0','40.6704836','-73.98208968','5 St & 6 Ave','71','3874.01'),('3407',NULL,NULL,15,'\0','40.67909799721684','-73.98765474557877','Union St & Nevins St','71','4143.03'),('3408',NULL,NULL,27,'\0','40.6881529','-73.99520919','Congress St & Clinton St','71','4455.07'),('3409',NULL,NULL,35,'\0','40.6867443','-73.99063168','Bergen St & Smith St','71','4446.01'),('341',NULL,NULL,19,'\0','40.71782143','-73.97628939','Stanton St & Mangin St','71','5326.06'),('3410',NULL,NULL,31,'\0','40.6864442','-73.98759104','Dean St & Hoyt St','71','4446.05'),('3411',NULL,NULL,27,'\0','40.6849668','-73.98620772','Bond St & Bergen St','71','4404.10'),('3412',NULL,NULL,15,'\0','40.6853761','-73.98302136','Pacific St & Nevins St','71','4362.04'),('3413',NULL,NULL,22,'\0','40.6827549','-73.98258555','Wyckoff St & 3 Ave','71','4290.06'),('3414',NULL,NULL,33,'\0','40.680944723477296','-73.97567331790923','Bergen St & Flatbush Ave','71','4281.08'),('3415',NULL,NULL,25,'\0','40.6793307','-73.97519523','Prospect Pl & 6 Ave','71','4166.08'),('3416',NULL,NULL,17,'\0','40.6776147','-73.97324283','7 Ave & Park Pl','71','4125.07'),('3417',NULL,NULL,27,'\0','40.6795766','-73.97854971','Baltic St & 5 Ave','71','4208.11'),('3418',NULL,NULL,33,'','40.6750207','-73.97111473','Plaza St West & Flatbush Ave','71','4010.13'),('3419',NULL,NULL,27,'\0','40.6792788','-73.98154004','Douglass St & 4 Ave','71','4175.14'),('342',NULL,NULL,29,'\0','40.71739973','-73.98016555','Columbia St & Rivington St','71','5365.02'),('3420',NULL,NULL,21,'\0','40.6802133','-73.98432695','Douglass St & 3 Ave','71','4217.02'),('3421',NULL,NULL,23,'\0','40.6843549','-73.98901629','Hoyt St & Warren St','71','4330.09'),('3422',NULL,NULL,21,'\0','40.6859296','-74.00242364','Columbia St & Degraw St','71','4422.04'),('3423',NULL,NULL,29,'','40.6610633719006','-73.97945255041122','West Drive & Prospect Park West','71','3651.04'),('3424',NULL,NULL,27,'\0','40.791976','-73.945993','E 106 St & Lexington Ave','71','7504.18'),('3425',NULL,NULL,33,'\0','40.7892105','-73.94370784','2 Ave  & E 104 St','71','7436.11'),('3427',NULL,NULL,40,'\0','40.72430527250332','-73.99600982666016','Lafayette St & Jersey St','71','5561.08'),('3428',NULL,NULL,25,'\0','40.740983','-74.001702','8 Ave & W 16 St','71','6072.13'),('3429',NULL,NULL,39,'\0','40.68506807308177','-73.97790759801863','Hanson Pl & Ashland Pl','71','4395.07'),('343',NULL,NULL,23,'\0','40.69794','-73.96986848','Clinton Ave & Flushing Ave','71','4762.04'),('3430',NULL,NULL,19,'\0','40.71907891179564','-73.94223690032959','Richardson St & N Henry St','71','5433.03'),('3431',NULL,NULL,26,'\0','40.746524','-73.977885','E 35 St & 3 Ave','71','6313.02'),('3434',NULL,NULL,35,'\0','40.79025417330419','-73.97718340158461','W 88 St & West End Ave','71','7484.07'),('3435',NULL,NULL,45,'\0','40.718822','-73.99596','Grand St & Elizabeth St','71','5382.06'),('3436',NULL,NULL,31,'\0','40.721319','-74.010065','Greenwich St & Hubert St','71','5470.10'),('3437',NULL,NULL,0,'\0','40.79313480986663','-73.97700369358063','Riverside Dr & W 91 St','71','7524.16'),('3438',NULL,NULL,31,'\0','40.772248537721744','-73.95842134952545','E 76 St & 3 Ave','71','7092.07'),('344',NULL,NULL,23,'\0','40.6851443','-73.95380904','Monroe St & Bedford Ave','71','4368.05'),('3440',NULL,NULL,43,'\0','40.692418292578466','-73.98949474096298','Fulton St & Adams St','71','4637.06'),('3443',NULL,NULL,41,'\0','40.76132983124814','-73.97982001304626','W 52 St & 6 Ave','71','6740.01'),('3445',NULL,NULL,39,'\0','40.79181171501097','-73.9786022901535','Riverside Dr & W 89 St','71','7484.02'),('3447',NULL,NULL,41,'\0','40.76703432309872','-73.95622730255127','E 71 St & 1 Ave','71','6889.05'),('345',NULL,NULL,35,'\0','40.73649403','-73.99704374','W 13 St & 6 Ave','71','5989.01'),('346',NULL,NULL,27,'\0','40.73652889','-74.00618026','Bank St & Hudson St','71','5922.08'),('347',NULL,NULL,35,'\0','40.728846','-74.008591','Greenwich St & W Houston St','71','5730.08'),('348',NULL,NULL,42,'\0','40.72490985','-74.00154702','W Broadway & Spring St','71','5569.05'),('349',NULL,NULL,23,'\0','40.71850211','-73.98329859','Rivington St & Ridge St','71','5406.02'),('350',NULL,NULL,28,'\0','40.71559509','-73.9870295','Clinton St & Grand St','71','5303.06'),('351',NULL,NULL,39,'\0','40.70530954','-74.00612572','Front St & Maiden Ln','71','5024.08'),('352',NULL,NULL,4,'\0','40.76340613','-73.97722479','W 56 St & 6 Ave','71','6809.07'),('353',NULL,NULL,27,'\0','40.68539567','-73.97431458','S Portland Ave & Hanson Pl','71','4354.05'),('354',NULL,NULL,23,'\0','40.69363137','-73.96223558','Emerson Pl & Myrtle Ave','71','4683.02'),('355',NULL,NULL,43,'\0','40.71602118','-73.99974372','Bayard St & Baxter St','71','5351.03'),('356',NULL,NULL,23,'\0','40.71622644','-73.98261206','Bialystoker Pl & Delancey St','71','5335.03'),('357',NULL,NULL,27,'\0','40.73261787','-73.99158043','E 11 St & Broadway','71','5829.12'),('358',NULL,NULL,36,'\0','40.73291553','-74.00711384','Christopher St & Greenwich St','71','5847.01'),('359',NULL,NULL,55,'\0','40.75510267','-73.97498696','E 47 St & Park Ave','71','6584.12'),('360',NULL,NULL,39,'\0','40.70717936','-74.00887308','William St & Pine St','71','5065.12'),('361',NULL,NULL,43,'\0','40.71605866','-73.99190759','Allen St & Hester St','71','5342.10'),('362',NULL,NULL,57,'\0','40.75172632','-73.98753523','Broadway & W 37 St','71','6441.02'),('363',NULL,NULL,49,'\0','40.70834698','-74.01713445','West Thames St','71','5114.06'),('364',NULL,NULL,27,'\0','40.68900443','-73.96023854','Lafayette Ave & Classon Ave','71','4452.01'),('365',NULL,NULL,31,'\0','40.68223166','-73.9614583','Fulton St & Grand Ave','71','4263.10'),('366',NULL,NULL,33,'\0','40.693261','-73.968896','Clinton Ave & Myrtle Ave','71','4651.02'),('367',NULL,NULL,7,'\0','40.75828065','-73.97069431','E 53 St & Lexington Ave','71','6617.09'),('368',NULL,NULL,39,'','40.73038599','-74.00214988','Carmine St & 6 Ave','71','5763.03'),('369',NULL,NULL,35,'\0','40.73224119','-74.00026394','Washington Pl & 6 Ave','71','5838.09'),('372',NULL,NULL,27,'\0','40.694528','-73.958089','Franklin Ave & Myrtle Ave','71','4715.01'),('373',NULL,NULL,19,'\0','40.69331716','-73.95381995','Willoughby Ave & Walworth St','71','4634.02'),('376',NULL,NULL,43,'\0','40.70862144','-74.00722156','John St & William St','71','5065.04'),('377',NULL,NULL,47,'\0','40.72243797','-74.00566443','6 Ave & Canal St','71','5500.07'),('379',NULL,NULL,42,'\0','40.749156','-73.9916','W 31 St & 7 Ave','71','6331.01'),('380',NULL,NULL,39,'\0','40.73401143','-74.00293877','W 4 St & 7 Ave S','71','5880.02'),('382',NULL,NULL,36,'\0','40.73492695','-73.99200509','University Pl & E 14 St','71','5905.11'),('383',NULL,NULL,39,'\0','40.735238','-74.000271','Greenwich Ave & Charles St','71','5914.08'),('384',NULL,NULL,31,'\0','40.683048','-73.964915','Fulton St & Washington Ave','71','4304.06'),('385',NULL,NULL,29,'\0','40.75797322','-73.96603308','E 55 St & 2 Ave','71','6650.07'),('386',NULL,NULL,43,'\0','40.71494807','-74.00234482','Centre St & Worth St','71','5279.03'),('387',NULL,NULL,39,'','40.71273266','-74.0046073','Centre St & Chambers St','71','5207.01'),('388',NULL,NULL,35,'\0','40.749717753','-74.002950346','W 26 St & 10 Ave','71','6382.05'),('389',NULL,NULL,27,'\0','40.71044554','-73.96525063','Broadway & Berry St','71','5164.04'),('390',NULL,NULL,31,'\0','40.69221589','-73.9842844','Duffield St & Willoughby St','71','4596.05'),('391',NULL,NULL,31,'\0','40.69760127','-73.99344559','Clark St & Henry St','71','4789.03'),('392',NULL,NULL,32,'\0','40.695065','-73.987167','Jay St & Tech Pl','71','4710.06'),('393',NULL,NULL,31,'\0','40.72299208','-73.97995466','E 5 St & Avenue C','71','5545.04'),('394',NULL,NULL,32,'\0','40.72521311','-73.97768752','E 9 St & Avenue C','71','5616.01'),('395',NULL,NULL,30,'\0','40.68807003','-73.98410637','Bond St & Schermerhorn St','71','4479.03'),('396',NULL,NULL,25,'\0','40.680342423','-73.9557689392','Lefferts Pl & Franklin Ave','71','4222.02'),('397',NULL,NULL,27,'\0','40.68415748','-73.96922273','Fulton St & Clermont Ave','71','4386.05'),('398',NULL,NULL,31,'\0','40.69165183','-73.9999786','Atlantic Ave & Furman St','71','4614.04'),('399',NULL,NULL,27,'\0','40.68851534','-73.9647628','Lafayette Ave & St James Pl','71','4494.04'),('400',NULL,NULL,15,'\0','40.71926081','-73.98178024','Pitt St & Stanton St','71','5406.04'),('401',NULL,NULL,42,'\0','40.72019576','-73.98997825','Allen St & Rivington St','71','5414.06'),('402',NULL,NULL,40,'\0','40.7403432','-73.98955109','Broadway & E 22 St','71','6098.07'),('405',NULL,NULL,3,'\0','40.739323','-74.008119','Washington St & Gansevoort St','71','6039.06'),('406',NULL,NULL,34,'\0','40.69512845','-73.99595065','Hicks St & Montague St','71','4645.09'),('407',NULL,NULL,37,'\0','40.700469','-73.991454','Henry St & Poplar St','71','4861.04'),('408',NULL,NULL,23,'\0','40.71076228','-73.99400398','Market St & Cherry St','71','5198.04'),('409',NULL,NULL,19,'\0','40.6906495','-73.95643107','DeKalb Ave & Skillman St','71','4528.05'),('410',NULL,NULL,35,'\0','40.72066442','-73.98517977','Suffolk St & Stanton St','71','5445.02'),('411',NULL,NULL,23,'\0','40.72228087','-73.97668709','E 6 St & Avenue D','71','5506.14'),('412',NULL,NULL,29,'\0','40.7158155','-73.99422366','Forsyth St & Canal St','71','5270.07'),('414',NULL,NULL,24,'\0','40.70281858','-73.98765762','Pearl St & Anchorage Pl','71','4936.12'),('415',NULL,NULL,42,'\0','40.7047177','-74.00926027','Pearl St & Hanover Square','71','4993.02'),('416',NULL,NULL,31,'\0','40.68753406','-73.97265183','Cumberland St & Lafayette Ave','71','4428.02'),('417',NULL,NULL,23,'\0','40.71291224','-74.01020234','Barclay St & Church St','71','5216.04'),('418',NULL,NULL,23,'\0','40.70224','-73.982578','Front St & Gold St','71','4927.04'),('419',NULL,NULL,23,'\0','40.69580705','-73.97355569','Carlton Ave & Park Ave','71','4732.04'),('420',NULL,NULL,23,'\0','40.68764484','-73.96968902','Clermont Ave & Lafayette Ave','71','4461.01'),('421',NULL,NULL,19,'\0','40.69573398','-73.97129668','Clermont Ave & Park Ave','71','4692.01'),('422',NULL,NULL,55,'\0','40.770513','-73.988038','W 59 St & 10 Ave','71','7023.04'),('423',NULL,NULL,39,'\0','40.76584941','-73.98690506','W 54 St & 9 Ave','71','6920.03'),('426',NULL,NULL,31,'','40.71754834','-74.01322069','West St & Chambers St','71','5329.03'),('427',NULL,NULL,47,'\0','40.701907','-74.013942','Bus Slip & State St','71','4889.06'),('428',NULL,NULL,31,'\0','40.72467721','-73.98783413','E 3 St & 1 Ave','71','5553.03'),('430',NULL,NULL,27,'\0','40.7014851','-73.98656928','York St & Jay St','71','4895.01'),('432',NULL,NULL,31,'\0','40.72621788','-73.98379855','E 7 St & Avenue A','71','5626.07'),('433',NULL,NULL,39,'\0','40.72955361','-73.98057249','E 13 St & Avenue A','71','5779.04'),('434',NULL,NULL,27,'\0','40.74317449','-74.00366443','9 Ave & W 18 St','71','6190.08'),('435',NULL,NULL,47,'','40.74173969','-73.99415556','W 21 St & 6 Ave','71','6140.05'),('436',NULL,NULL,27,'\0','40.68216564','-73.95399026','Hancock St & Bedford Ave','71','4255.05'),('437',NULL,NULL,24,'\0','40.6809833854','-73.9500479759','Macon St & Nostrand Ave','71','4214.03'),('438',NULL,NULL,27,'\0','40.72779126','-73.98564945','St Marks Pl & 1 Ave','71','5626.13'),('439',NULL,NULL,39,'\0','40.7262807','-73.98978041','E 4 St & 2 Ave','71','5593.04'),('440',NULL,NULL,32,'\0','40.75255434','-73.97282625','E 45 St & 3 Ave','71','6464.08'),('441',NULL,NULL,35,'\0','40.756014','-73.967416','E 52 St & 2 Ave','71','6575.06'),('442',NULL,NULL,51,'\0','40.746647','-73.993915','W 27 St & 7 Ave','71','6247.06'),('443',NULL,NULL,23,'\0','40.70853074','-73.96408963','Bedford Ave & S 9 St','71','5093.01'),('444',NULL,NULL,52,'','40.7423543','-73.98915076','Broadway & W 24 St','71','6173.04'),('445',NULL,NULL,42,'\0','40.72740794','-73.98142006','E 10 St & Avenue A','71','5659.05'),('446',NULL,NULL,39,'\0','40.74487634','-73.99529885','W 24 St & 7 Ave','71','6257.03'),('447',NULL,NULL,31,'\0','40.76370739','-73.9851615','8 Ave & W 52 St','71','6816.07'),('448',NULL,NULL,31,'\0','40.75660359','-73.9979009','W 37 St & 10 Ave','71','6611.02'),('449',NULL,NULL,31,'\0','40.76461837','-73.98789473','W 52 St & 9 Ave','71','6854.02'),('450',NULL,NULL,59,'\0','40.76227205','-73.98788205','W 49 St & 8 Ave','71','6747.06'),('453',NULL,NULL,39,'\0','40.74475148','-73.99915362','W 22 St & 8 Ave','71','6224.03'),('454',NULL,NULL,35,'\0','40.75455731','-73.96592976','E 51 St & 1 Ave','71','6532.06'),('455',NULL,NULL,39,'\0','40.75001986','-73.96905301','1 Ave & E 44 St','71','6379.03'),('456',NULL,NULL,35,'\0','40.7597108','-73.97402311','E 53 St & Madison Ave','71','6659.03'),('457',NULL,NULL,39,'','40.76695317','-73.98169333','Broadway & W 58 St','71','6948.10'),('458',NULL,NULL,31,'\0','40.751396','-74.005226','11 Ave & W 27 St','71','6425.04'),('459',NULL,NULL,49,'','40.746745','-74.007756','W 20 St & 11 Ave','71','6306.07'),('460',NULL,NULL,23,'\0','40.71285887','-73.96590294','S 4 St & Wythe Ave','71','5204.05'),('461',NULL,NULL,39,'\0','40.73587678','-73.98205027','E 20 St & 2 Ave','71','5971.08'),('462',NULL,NULL,47,'\0','40.74691959','-74.00451887','W 22 St & 10 Ave','71','6306.06'),('465',NULL,NULL,39,'\0','40.75513557','-73.98658032','Broadway & W 41 St','71','6560.01'),('466',NULL,NULL,35,'\0','40.74395411','-73.99144871','W 25 St & 6 Ave','71','6215.04'),('467',NULL,NULL,34,'\0','40.68312489','-73.97895137','Dean St & 4 Ave','71','4322.02'),('468',NULL,NULL,59,'\0','40.7652654','-73.98192338','Broadway & W 55 St','71','6847.02'),('469',NULL,NULL,57,'\0','40.76344058','-73.98268129','Broadway & W 53 St','71','6779.05'),('470',NULL,NULL,37,'\0','40.74345335','-74.00004031','W 20 St & 8 Ave','71','6224.05'),('471',NULL,NULL,31,'\0','40.71286844','-73.95698119','Grand St & Havemeyer St','71','5267.08'),('472',NULL,NULL,41,'\0','40.7457121','-73.98194829','E 32 St & Park Ave','71','6280.12'),('473',NULL,NULL,38,'\0','40.72110063','-73.9919254','Rivington St & Chrystie St','71','5453.01'),('474',NULL,NULL,39,'\0','40.7451677','-73.98683077','5 Ave & E 29 St','71','6248.06'),('475',NULL,NULL,37,'\0','40.73524276','-73.98758561','E 16 St & Irving Pl','71','5938.10'),('476',NULL,NULL,47,'\0','40.74394314','-73.97966069','E 31 St & 3 Ave','71','6239.08'),('477',NULL,NULL,59,'\0','40.75640548','-73.9900262','W 41 St & 8 Ave','71','6602.03'),('478',NULL,NULL,31,'\0','40.76030096','-73.99884222','11 Ave & W 41 St','71','6726.01'),('479',NULL,NULL,31,'\0','40.76019252','-73.9912551','9 Ave & W 45 St','71','6717.06'),('480',NULL,NULL,27,'\0','40.76669671','-73.99061728','W 53 St & 10 Ave','71','6890.01'),('481',NULL,NULL,25,'\0','40.71260486','-73.96264403','S 3 St & Bedford Ave','71','5235.05'),('482',NULL,NULL,39,'\0','40.73935542','-73.99931783','W 15 St & 7 Ave','71','6030.06'),('483',NULL,NULL,35,'\0','40.73223272','-73.98889957','E 12 St & 3 Ave','71','5788.12'),('484',NULL,NULL,44,'\0','40.75500254','-73.98014437','W 44 St & 5 Ave','71','6551.02'),('485',NULL,NULL,39,'\0','40.75038009','-73.98338988','W 37 St & 5 Ave','71','6398.06'),('486',NULL,NULL,39,'\0','40.7462009','-73.98855723','Broadway & W 29 St','71','6289.06'),('487',NULL,NULL,36,'\0','40.73314259','-73.97573881','E 20 St & FDR Drive','71','5886.02'),('488',NULL,NULL,41,'\0','40.75645824','-73.99372222','W 39 St & 9 Ave','71','6644.04'),('490',NULL,NULL,59,'\0','40.751551','-73.993934','8 Ave & W 33 St','71','6450.12'),('491',NULL,NULL,53,'\0','40.74096374','-73.98602213','E 24 St & Park Ave S','71','6131.10'),('492',NULL,NULL,49,'\0','40.75019995','-73.99093085','W 33 St & 7 Ave','71','6407.07'),('493',NULL,NULL,34,'\0','40.7568001','-73.98291153','W 45 St & 6 Ave','71','6593.13'),('494',NULL,NULL,35,'\0','40.74734825','-73.99723551','W 26 St & 8 Ave','71','6297.02'),('495',NULL,NULL,25,'\0','40.76269882','-73.99301222','W 47 St & 10 Ave','71','6824.07'),('496',NULL,NULL,47,'\0','40.73726186','-73.99238967','E 16 St & 5 Ave','71','6022.04'),('497',NULL,NULL,59,'','40.73704984','-73.99009296','E 17 St & Broadway','71','5980.07'),('498',NULL,NULL,30,'\0','40.74854862','-73.98808416','Broadway & W 32 St','71','6364.09'),('499',NULL,NULL,36,'','40.76915505','-73.98191841','Broadway & W 60 St','71','6948.11'),('500',NULL,NULL,52,'\0','40.76228826','-73.98336183','Broadway & W 51 St','71','6779.04'),('501',NULL,NULL,43,'\0','40.744219','-73.97121214','FDR Drive & E 35 St','71','6230.04'),('502',NULL,NULL,30,'\0','40.714215','-73.981346','Henry St & Grand St','71','5294.04'),('503',NULL,NULL,29,'\0','40.73827428','-73.98751968','E 20 St & Park Ave','71','6055.08'),('504',NULL,NULL,45,'\0','40.73221853','-73.98165557','1 Ave & E 16 St','71','5779.08'),('505',NULL,NULL,36,'','40.74901271','-73.98848395','6 Ave & W 33 St','71','6364.07'),('507',NULL,NULL,47,'\0','40.73912601','-73.97973776','E 25 St & 2 Ave','71','6046.02'),('508',NULL,NULL,24,'\0','40.76341379','-73.99667444','W 46 St & 11 Ave','71','6795.01'),('509',NULL,NULL,36,'\0','40.7454973','-74.00197139','9 Ave & W 22 St','71','6266.06'),('511',NULL,NULL,33,'\0','40.72938685','-73.97772429','E 14 St & Avenue B','71','5736.09'),('513',NULL,NULL,27,'\0','40.768254','-73.988639','W 56 St & 10 Ave','71','6955.01'),('514',NULL,NULL,53,'','40.76087502','-74.00277668','12 Ave & W 40 St','71','6765.01'),('515',NULL,NULL,35,'\0','40.76009437','-73.99461843','W 43 St & 10 Ave','71','6756.01'),('516',NULL,NULL,31,'\0','40.75206862','-73.96784384','E 47 St & 1 Ave','71','6498.09'),('517',NULL,NULL,59,'\0','40.751581','-73.97791','Pershing Square South','71','6432.08'),('518',NULL,NULL,39,'\0','40.74780373','-73.9734419','E 39 St & 2 Ave','71','6345.01'),('519',NULL,NULL,61,'','40.751873','-73.977706','Pershing Square North','71','6432.09'),('520',NULL,NULL,39,'\0','40.75992262','-73.97648516','W 52 St & 5 Ave','71','6700.01'),('522',NULL,NULL,51,'\0','40.75714758','-73.97207836','E 51 St & Lexington Ave','71','6659.01'),('523',NULL,NULL,51,'\0','40.75466591','-73.99138152','W 38 St & 8 Ave','71','6526.03'),('524',NULL,NULL,57,'\0','40.75527307','-73.98316936','W 43 St & 6 Ave','71','6593.14'),('525',NULL,NULL,39,'\0','40.75594159','-74.0021163','W 34 St & 11 Ave','71','6578.01'),('526',NULL,NULL,39,'\0','40.74765947','-73.98490707','E 33 St & 5 Ave','71','6322.01'),('527',NULL,NULL,59,'\0','40.744023','-73.976056','E 33 St & 2 Ave','71','6197.01'),('528',NULL,NULL,39,'\0','40.74290902','-73.97706058','2 Ave & E 31 St','71','6197.02'),('529',NULL,NULL,41,'\0','40.7575699','-73.99098507','W 42 St & 8 Ave','71','6602.05'),('530',NULL,NULL,36,'\0','40.771522','-73.990541','11 Ave & W 59 St','71','7059.01'),('531',NULL,NULL,39,'\0','40.71893904','-73.99266288','Forsyth St & Broome St','71','5453.05'),('532',NULL,NULL,43,'','40.710451','-73.960876','S 5 Pl & S 4 St','71','5125.03'),('533',NULL,NULL,50,'\0','40.75299641','-73.98721619','Broadway & W 39 St','71','6441.05'),('534',NULL,NULL,31,'\0','40.70255065','-74.0127234','Water - Whitehall Plaza','71','4962.04'),('536',NULL,NULL,29,'\0','40.74144387','-73.97536082','1 Ave & E 30 St','71','6079.03'),('537',NULL,NULL,39,'\0','40.74025878','-73.98409214','Lexington Ave & E 24 St','71','6089.07'),('539',NULL,NULL,31,'\0','40.71534825','-73.96024116','Metropolitan Ave & Bedford Ave','71','5308.04'),('540',NULL,NULL,30,'\0','40.74311555376486','-73.98215353488922','Lexington Ave & E 29 St','71','6164.09'),('545',NULL,NULL,27,'\0','40.736502','-73.97809472','E 23 St & 1 Ave','71','5929.01'),('546',NULL,NULL,38,'\0','40.74444921','-73.98303529','E 30 St & Park Ave S','71','6206.08'),('72',NULL,NULL,39,'\0','40.76727216','-73.99392888','W 52 St & 11 Ave','71','6926.01'),('79',NULL,NULL,33,'\0','40.71911552','-74.00666661','Franklin St & W Broadway','71','5430.08'),('82',NULL,NULL,27,'\0','40.71117416','-74.00016545','St James Pl & Pearl St','71','5167.06'),('83',NULL,NULL,62,'\0','40.68382604','-73.97632328','Atlantic Ave & Fort Greene Pl','71','4354.07');

/*Table structure for table `stationstatus` */

DROP TABLE IF EXISTS `stationstatus`;

CREATE TABLE `stationstatus` (
  `station_id` varchar(255) NOT NULL,
  `CREATION_DATE` date DEFAULT NULL,
  `MODIFICATION_DATE` datetime DEFAULT NULL,
  `eightd_has_key_dispenser` bit(1) DEFAULT NULL,
  `is_installed` int(11) DEFAULT NULL,
  `is_renting` int(11) DEFAULT NULL,
  `is_returning` int(11) DEFAULT NULL,
  `last_reported` date DEFAULT NULL,
  `num_bikes_available` int(11) DEFAULT NULL,
  `num_bikes_disabled` int(11) DEFAULT NULL,
  `num_docks_available` int(11) DEFAULT NULL,
  `num_docks_disabled` int(11) DEFAULT NULL,
  PRIMARY KEY (`station_id`)
) ENGINE=InnoDB DEFAULT CHARSET=latin1;

/*Data for the table `stationstatus` */

insert  into `stationstatus`(`station_id`,`CREATION_DATE`,`MODIFICATION_DATE`,`eightd_has_key_dispenser`,`is_installed`,`is_renting`,`is_returning`,`last_reported`,`num_bikes_available`,`num_bikes_disabled`,`num_docks_available`,`num_docks_disabled`) values ('116',NULL,NULL,'\0',1,1,1,'2017-02-11',22,1,16,0),('119',NULL,NULL,'\0',1,1,1,'2017-02-10',17,0,2,0),('120',NULL,NULL,'\0',1,0,0,'2017-02-10',0,13,6,0),('127',NULL,NULL,'\0',1,0,0,'2017-02-11',0,7,24,0),('128',NULL,NULL,'\0',1,0,0,'2017-02-11',0,6,24,0),('137',NULL,NULL,'\0',1,0,0,NULL,0,0,0,0),('143',NULL,NULL,'\0',1,1,1,'2017-02-11',1,0,23,0),('144',NULL,NULL,'\0',1,1,1,'2017-02-11',11,1,7,0),('146',NULL,NULL,'\0',1,0,0,'2017-02-11',0,14,25,0),('147',NULL,NULL,'\0',1,1,1,'2017-02-11',4,2,27,0),('150',NULL,NULL,'\0',1,1,1,'2017-02-11',26,2,3,0),('151',NULL,NULL,'\0',1,1,1,'2017-02-10',0,0,33,0),('152',NULL,NULL,'\0',1,1,1,'2017-02-11',21,1,7,0),('153',NULL,NULL,'\0',1,1,1,'2017-02-11',0,1,54,0),('157',NULL,NULL,'\0',1,0,0,'2017-02-11',0,14,9,0),('161',NULL,NULL,'\0',1,0,0,'2017-02-11',0,10,25,0),('164',NULL,NULL,'\0',1,0,0,'2017-02-10',0,0,47,0),('167',NULL,NULL,'\0',1,0,0,'2017-02-10',0,6,39,0),('168',NULL,NULL,'\0',1,0,0,'2017-02-11',0,3,44,0),('173',NULL,NULL,'\0',1,1,1,'2017-02-11',0,3,48,0),('174',NULL,NULL,'\0',1,1,1,'2017-02-11',20,0,10,0),('195',NULL,NULL,'\0',1,0,0,'2017-02-10',0,2,43,0),('2000',NULL,NULL,'\0',1,0,0,'2017-02-11',0,16,14,0),('2001',NULL,NULL,'\0',1,1,1,'2017-02-11',14,0,1,0),('2002',NULL,NULL,'\0',1,1,1,'2017-02-11',21,0,6,0),('2003',NULL,NULL,'\0',1,0,0,'2017-02-11',0,39,0,0),('2004',NULL,NULL,'\0',1,1,1,'2017-02-11',0,0,36,0),('2005',NULL,NULL,'\0',1,1,1,'2017-02-11',12,0,0,0),('2006',NULL,NULL,'\0',1,1,1,'2017-02-10',0,0,49,0),('2008',NULL,NULL,'\0',1,1,1,'2017-02-11',7,2,15,0),('2009',NULL,NULL,'\0',1,0,0,'2017-02-10',0,18,17,0),('2010',NULL,NULL,'\0',1,0,0,'2017-02-10',0,2,37,0),('2012',NULL,NULL,'\0',1,1,1,'2017-02-11',2,1,33,0),('2017',NULL,NULL,'\0',1,0,0,'2017-02-10',0,3,36,0),('2021',NULL,NULL,'\0',1,1,1,'2017-02-11',24,0,19,0),('2022',NULL,NULL,'\0',1,1,1,'2017-02-10',6,1,26,0),('2023',NULL,NULL,'\0',1,0,0,'2017-02-10',0,2,34,0),('212',NULL,NULL,'\0',1,0,0,'2017-02-11',0,10,18,0),('216',NULL,NULL,'\0',1,1,1,'2017-02-11',2,0,21,0),('217',NULL,NULL,'\0',1,0,0,'2017-02-10',0,21,18,0),('223',NULL,NULL,'\0',1,0,0,'2016-11-22',0,0,3,0),('224',NULL,NULL,'\0',1,0,0,'2017-02-10',0,10,21,0),('225',NULL,NULL,'\0',1,1,1,'2017-02-11',18,0,19,0),('228',NULL,NULL,'\0',1,1,1,'2017-02-10',0,1,54,0),('229',NULL,NULL,'\0',1,0,0,'2017-02-10',0,2,21,0),('232',NULL,NULL,'\0',1,1,1,'2017-02-10',0,1,22,0),('236',NULL,NULL,'\0',1,0,0,'2017-02-10',0,38,1,0),('237',NULL,NULL,'\0',1,0,0,'2017-02-10',0,37,2,0),('238',NULL,NULL,'\0',1,0,0,'2017-02-11',0,24,7,0),('239',NULL,NULL,'\0',1,0,0,'2017-02-10',0,15,16,0),('241',NULL,NULL,'\0',1,0,0,'2017-02-10',0,8,15,0),('242',NULL,NULL,'\0',1,0,0,'2017-02-11',0,14,9,0),('243',NULL,NULL,'\0',1,1,1,'2017-02-10',9,0,22,0),('244',NULL,NULL,'\0',1,0,0,'2017-02-11',0,21,10,0),('245',NULL,NULL,'\0',1,1,1,'2017-02-10',11,0,12,0),('247',NULL,NULL,'\0',1,0,0,'2017-02-10',0,20,0,0),('248',NULL,NULL,'\0',1,0,0,'2017-02-10',0,0,23,0),('249',NULL,NULL,'\0',1,1,1,'2017-02-11',4,1,22,0),('251',NULL,NULL,'\0',1,0,0,'2017-02-11',0,12,15,0),('252',NULL,NULL,'\0',1,0,0,'2017-02-10',0,27,6,0),('253',NULL,NULL,'\0',1,0,0,'2017-02-11',0,1,54,0),('254',NULL,NULL,'\0',1,1,1,'2017-02-11',12,2,17,0),('257',NULL,NULL,'\0',1,0,0,'2017-02-11',0,6,33,0),('258',NULL,NULL,'\0',1,0,0,'2017-02-10',0,9,14,0),('259',NULL,NULL,'\0',1,1,1,'2017-02-10',24,2,13,0),('260',NULL,NULL,'\0',1,0,0,'2017-02-10',0,2,33,0),('261',NULL,NULL,'\0',1,1,1,'2017-02-10',27,0,0,0),('262',NULL,NULL,'\0',1,0,0,'2017-02-11',0,18,6,0),('264',NULL,NULL,'\0',1,0,0,'2017-02-11',0,4,23,0),('265',NULL,NULL,'\0',1,0,0,'2017-02-10',0,35,0,0),('266',NULL,NULL,'\0',1,1,1,'2017-02-10',24,0,0,0),('267',NULL,NULL,'\0',1,1,1,'2017-02-10',0,1,56,0),('268',NULL,NULL,'\0',1,0,0,'2017-02-11',0,2,25,0),('270',NULL,NULL,'\0',1,0,0,'2017-02-10',0,22,1,0),('274',NULL,NULL,'\0',1,1,1,'2017-02-11',25,0,6,0),('275',NULL,NULL,'\0',1,1,1,'2017-02-10',6,0,13,0),('276',NULL,NULL,'\0',1,1,1,'2017-02-11',13,0,12,0),('278',NULL,NULL,'\0',1,0,0,'2017-02-10',0,13,6,0),('279',NULL,NULL,'\0',1,0,0,'2017-02-11',0,24,12,0),('280',NULL,NULL,'\0',1,0,0,'2017-02-10',0,18,13,0),('281',NULL,NULL,'\0',1,1,1,'2017-02-11',0,0,59,0),('282',NULL,NULL,'\0',1,0,0,'2017-02-10',0,0,27,0),('284',NULL,NULL,'\0',1,1,1,'2017-02-11',1,0,42,0),('285',NULL,NULL,'\0',1,0,0,'2017-02-11',0,4,43,0),('289',NULL,NULL,'\0',1,0,0,'2017-02-10',0,15,4,0),('291',NULL,NULL,'\0',1,0,0,'2017-02-10',0,20,0,0),('293',NULL,NULL,'\0',1,0,0,'2017-02-11',0,13,42,0),('295',NULL,NULL,'\0',1,1,1,'2017-02-11',13,0,11,0),('296',NULL,NULL,'\0',1,1,1,'2017-02-11',4,0,31,0),('297',NULL,NULL,'\0',1,0,0,'2017-02-11',0,9,17,1),('298',NULL,NULL,'\0',1,0,0,'2017-01-13',0,0,0,4),('3002',NULL,NULL,'\0',1,1,1,'2017-02-11',4,2,19,0),('301',NULL,NULL,'\0',1,0,0,'2017-02-10',0,36,1,0),('3016',NULL,NULL,'\0',1,0,0,'2017-02-09',0,0,46,1),('302',NULL,NULL,'\0',1,1,1,'2017-02-11',19,3,1,0),('303',NULL,NULL,'\0',1,0,0,'2017-02-11',0,17,14,0),('304',NULL,NULL,'\0',1,0,0,'2017-02-11',0,7,27,0),('3041',NULL,NULL,'\0',1,1,1,'2017-02-10',7,2,15,0),('3042',NULL,NULL,'\0',1,1,1,'2017-02-11',7,0,12,0),('3043',NULL,NULL,'\0',1,1,1,'2017-02-10',2,0,17,0),('3044',NULL,NULL,'\0',1,1,1,'2017-02-10',1,0,26,0),('3046',NULL,NULL,'\0',1,0,0,'2017-02-10',0,5,14,0),('3047',NULL,NULL,'\0',1,1,1,'2017-02-11',5,1,15,0),('3048',NULL,NULL,'\0',1,0,0,'2017-02-10',0,2,17,0),('3049',NULL,NULL,'\0',1,1,1,'2017-02-10',7,0,11,0),('305',NULL,NULL,'\0',1,0,0,'2017-02-10',0,6,27,0),('3050',NULL,NULL,'\0',1,1,1,'2017-02-10',2,0,19,0),('3052',NULL,NULL,'\0',1,0,0,'2017-02-10',0,11,12,0),('3053',NULL,NULL,'\0',1,0,0,'2017-02-10',0,2,21,0),('3054',NULL,NULL,'\0',1,1,1,'2017-02-11',5,0,14,0),('3055',NULL,NULL,'\0',1,1,1,'2017-02-10',11,0,12,0),('3056',NULL,NULL,'\0',1,1,1,'2017-02-11',6,0,17,0),('3057',NULL,NULL,'\0',1,1,1,'2017-02-10',5,0,13,0),('3058',NULL,NULL,'\0',1,1,1,'2017-02-10',9,0,15,0),('3059',NULL,NULL,'\0',1,1,1,'2017-02-11',4,0,15,0),('306',NULL,NULL,'\0',1,0,0,'2017-02-11',0,13,24,0),('3060',NULL,NULL,'\0',1,1,1,'2017-02-10',4,0,15,0),('3061',NULL,NULL,'\0',1,1,1,'2017-02-10',5,1,15,0),('3062',NULL,NULL,'\0',1,1,1,'2017-02-10',11,1,11,0),('3063',NULL,NULL,'\0',1,1,1,'2017-02-10',13,0,7,0),('3064',NULL,NULL,'\0',1,1,1,'2017-02-11',3,0,20,0),('3065',NULL,NULL,'\0',1,0,0,'2017-02-10',0,8,19,0),('3066',NULL,NULL,'\0',1,0,0,'2017-02-10',0,8,11,0),('3067',NULL,NULL,'\0',1,1,1,'2017-02-10',10,0,17,0),('3068',NULL,NULL,'\0',1,1,1,'2017-02-11',23,0,1,0),('3069',NULL,NULL,'\0',1,1,1,'2017-02-10',9,0,16,0),('307',NULL,NULL,'\0',1,0,0,'2017-02-10',0,7,22,0),('3070',NULL,NULL,'\0',1,0,0,'2017-02-10',0,5,18,0),('3071',NULL,NULL,'\0',1,1,1,'2017-02-11',13,0,6,0),('3072',NULL,NULL,'\0',1,1,1,'2017-02-10',3,0,21,0),('3073',NULL,NULL,'\0',1,0,0,'2017-02-10',0,3,24,0),('3074',NULL,NULL,'\0',1,0,0,'2017-02-10',0,20,11,0),('3075',NULL,NULL,'\0',1,1,1,'2017-02-10',2,0,31,0),('3076',NULL,NULL,'\0',1,1,1,'2017-02-11',4,0,20,0),('3077',NULL,NULL,'\0',1,0,0,'2017-02-10',0,3,30,0),('3078',NULL,NULL,'\0',1,1,1,'2017-02-10',1,0,26,0),('3079',NULL,NULL,'\0',1,0,0,NULL,0,0,0,0),('308',NULL,NULL,'\0',1,1,1,'2017-02-11',2,0,25,0),('3080',NULL,NULL,'\0',1,0,0,'2017-02-10',0,8,13,0),('3081',NULL,NULL,'\0',1,1,1,'2017-02-10',6,0,17,0),('3082',NULL,NULL,'\0',1,0,0,'2017-02-10',0,0,25,0),('3083',NULL,NULL,'\0',1,1,1,'2017-02-11',4,1,25,0),('3084',NULL,NULL,'\0',1,0,0,'2016-12-14',0,0,0,3),('3085',NULL,NULL,'\0',1,0,0,'2017-02-10',0,9,16,0),('3086',NULL,NULL,'\0',1,0,0,'2017-02-10',0,1,24,0),('3087',NULL,NULL,'\0',1,1,1,'2017-02-11',5,1,24,0),('3088',NULL,NULL,'\0',1,1,1,'2017-02-11',18,0,1,0),('3089',NULL,NULL,'\0',1,0,0,NULL,0,0,0,0),('309',NULL,NULL,'\0',1,1,1,'2017-02-10',0,1,40,0),('3090',NULL,NULL,'\0',1,0,0,'2017-02-11',0,2,29,0),('3091',NULL,NULL,'\0',1,0,0,'2017-02-10',0,25,6,0),('3092',NULL,NULL,'\0',1,0,0,'2017-02-11',0,16,11,0),('3093',NULL,NULL,'\0',1,0,0,'2017-02-11',0,4,24,0),('3094',NULL,NULL,'\0',1,1,1,'2017-02-10',1,0,17,0),('3095',NULL,NULL,'\0',1,1,1,'2017-02-10',12,0,11,0),('3096',NULL,NULL,'\0',1,0,0,'2017-02-10',0,18,21,0),('3098',NULL,NULL,'\0',1,0,0,'2016-12-15',0,0,0,6),('3099',NULL,NULL,'\0',1,0,0,NULL,0,0,0,0),('310',NULL,NULL,'\0',1,1,1,'2017-02-11',18,0,18,0),('3100',NULL,NULL,'\0',1,0,0,'2017-02-10',0,14,25,0),('3101',NULL,NULL,'\0',1,0,0,'2017-02-10',0,10,17,0),('3102',NULL,NULL,'\0',1,0,0,'2017-02-10',0,7,20,0),('3103',NULL,NULL,'\0',1,0,0,'2017-02-10',0,3,24,0),('3105',NULL,NULL,'\0',1,1,1,'2017-02-10',1,0,23,0),('3106',NULL,NULL,'\0',1,1,1,'2017-02-10',12,0,3,0),('3107',NULL,NULL,'\0',1,0,0,'2017-02-10',0,20,19,0),('3108',NULL,NULL,'\0',1,1,1,'2017-02-11',12,0,12,0),('3109',NULL,NULL,'\0',1,1,1,'2017-02-10',13,0,18,0),('311',NULL,NULL,'\0',1,0,0,'2017-02-11',0,10,21,0),('3110',NULL,NULL,'\0',1,1,1,'2017-02-11',8,0,19,0),('3111',NULL,NULL,'\0',1,1,1,'2017-02-10',8,0,17,0),('3112',NULL,NULL,'\0',1,1,1,'2017-02-11',7,1,25,0),('3113',NULL,NULL,'\0',1,0,0,'2017-02-10',0,7,20,0),('3114',NULL,NULL,'\0',1,0,0,'2017-02-10',0,15,8,0),('3115',NULL,NULL,'\0',1,0,0,'2017-02-10',0,14,20,0),('3116',NULL,NULL,'\0',1,0,0,'2017-02-10',0,16,19,0),('3117',NULL,NULL,'\0',1,1,1,'2017-02-10',3,0,24,0),('3118',NULL,NULL,'\0',1,0,0,'2017-02-11',0,7,23,0),('3119',NULL,NULL,'\0',1,0,0,'2017-02-10',0,1,44,0),('312',NULL,NULL,'\0',1,0,0,'2017-02-11',0,1,30,0),('3120',NULL,NULL,'\0',1,0,0,'2017-02-10',0,7,13,0),('3121',NULL,NULL,'\0',1,1,1,'2017-02-10',7,0,20,0),('3122',NULL,NULL,'\0',1,1,1,'2017-02-10',12,0,19,0),('3123',NULL,NULL,'\0',1,0,0,'2017-02-10',0,15,12,0),('3124',NULL,NULL,'\0',1,1,1,'2017-02-11',25,0,2,0),('3125',NULL,NULL,'\0',1,1,1,'2017-02-11',7,0,15,1),('3126',NULL,NULL,'\0',1,1,1,'2017-02-11',12,0,22,0),('3127',NULL,NULL,'\0',1,0,0,'2017-02-10',0,14,21,0),('3128',NULL,NULL,'\0',1,1,1,'2017-02-10',14,0,9,0),('3129',NULL,NULL,'\0',1,1,1,'2017-02-10',30,0,1,0),('313',NULL,NULL,'\0',1,0,0,'2017-02-10',0,17,6,0),('3130',NULL,NULL,'\0',1,1,1,'2017-02-10',21,0,10,0),('3131',NULL,NULL,'\0',1,0,0,'2017-02-11',0,3,27,0),('3132',NULL,NULL,'\0',1,0,0,'2017-02-11',0,2,33,0),('3134',NULL,NULL,'\0',1,1,1,'2017-02-10',3,0,48,0),('3135',NULL,NULL,'\0',1,1,1,'2017-02-11',27,0,14,0),('3136',NULL,NULL,'\0',1,1,1,'2017-02-10',0,1,46,0),('3137',NULL,NULL,'\0',1,1,1,'2017-02-11',12,0,19,0),('3139',NULL,NULL,'\0',1,0,0,'2017-02-10',0,17,26,0),('3140',NULL,NULL,'\0',1,0,0,'2017-02-10',0,55,0,0),('3141',NULL,NULL,'\0',1,1,1,'2017-02-11',0,2,57,0),('3142',NULL,NULL,'\0',1,1,1,'2017-02-11',6,0,35,0),('3143',NULL,NULL,'\0',1,1,1,'2017-02-11',1,0,46,0),('3144',NULL,NULL,'\0',1,0,0,'2017-02-10',0,1,45,0),('3145',NULL,NULL,'\0',1,0,0,'2017-02-10',0,10,35,0),('3146',NULL,NULL,'\0',1,0,0,'2017-02-10',0,7,40,0),('3147',NULL,NULL,'\0',1,0,0,'2017-02-10',0,15,24,0),('3148',NULL,NULL,'\0',1,0,0,'2017-02-10',0,27,0,0),('315',NULL,NULL,'\0',1,1,1,'2017-02-11',26,0,3,0),('3150',NULL,NULL,'\0',1,0,0,'2017-02-11',0,17,30,0),('3151',NULL,NULL,'\0',1,0,0,'2017-02-11',21,0,10,0),('3152',NULL,NULL,'\0',1,1,1,'2017-02-11',6,1,20,0),('3155',NULL,NULL,'\0',1,0,0,'2017-02-10',0,7,32,0),('3156',NULL,NULL,'\0',1,1,1,'2017-02-10',9,0,30,0),('3157',NULL,NULL,'\0',1,0,0,'2017-02-10',0,10,17,0),('3158',NULL,NULL,'\0',1,0,0,'2017-02-11',0,1,30,0),('3159',NULL,NULL,'\0',1,0,0,'2017-02-10',0,1,30,0),('316',NULL,NULL,'\0',1,0,0,'2017-02-11',0,3,40,0),('3160',NULL,NULL,'\0',1,1,1,'2017-02-11',8,1,30,0),('3161',NULL,NULL,'\0',1,0,0,'2017-02-10',0,17,42,0),('3162',NULL,NULL,'\0',1,0,0,'2017-02-10',0,9,30,0),('3163',NULL,NULL,'\0',1,1,1,'2017-02-10',0,0,43,0),('3164',NULL,NULL,'\0',1,0,0,'2017-02-11',0,22,45,0),('3165',NULL,NULL,'\0',1,1,1,'2017-02-10',6,0,45,0),('3166',NULL,NULL,'\0',1,0,0,'2017-02-11',0,10,31,0),('3167',NULL,NULL,'\0',1,1,1,'2017-02-11',16,2,37,0),('3168',NULL,NULL,'\0',1,0,0,'2017-02-10',0,21,10,0),('3169',NULL,NULL,'\0',1,0,0,'2017-02-10',0,23,16,0),('317',NULL,NULL,'\0',1,0,0,'2017-02-10',0,27,0,0),('3170',NULL,NULL,'\0',1,0,0,'2017-02-10',0,18,17,0),('3171',NULL,NULL,'\0',1,0,0,'2017-02-10',0,21,18,0),('3172',NULL,NULL,'\0',1,0,0,'2017-02-10',0,22,5,0),('3173',NULL,NULL,'\0',1,0,0,'2017-02-10',0,37,6,0),('3175',NULL,NULL,'\0',1,0,0,NULL,0,0,0,0),('3176',NULL,NULL,'\0',1,0,0,'2017-02-10',0,18,25,0),('3177',NULL,NULL,'\0',1,0,0,'2017-02-10',0,4,59,0),('3178',NULL,NULL,'\0',1,0,0,'2017-02-10',0,13,26,0),('3179',NULL,NULL,'\0',1,1,1,'2017-02-10',3,1,19,0),('3180',NULL,NULL,'\0',1,1,1,'2017-02-11',8,0,23,0),('3183',NULL,NULL,'\0',1,1,1,'2017-02-11',1,1,28,0),('3184',NULL,NULL,'\0',1,1,1,'2017-02-10',0,0,14,0),('3185',NULL,NULL,'\0',1,1,1,'2017-02-10',0,0,22,0),('3186',NULL,NULL,'\0',1,1,1,'2017-02-10',0,0,41,1),('3187',NULL,NULL,'\0',1,1,1,'2017-02-10',9,1,12,0),('3188',NULL,NULL,'\0',1,1,1,'2017-02-10',1,0,17,0),('3189',NULL,NULL,'\0',1,0,0,'2017-02-10',0,4,10,0),('319',NULL,NULL,'\0',1,0,0,'2017-02-10',0,2,31,0),('3190',NULL,NULL,'\0',1,0,0,'2017-02-10',0,6,8,0),('3191',NULL,NULL,'\0',1,0,0,'2017-02-10',0,11,7,0),('3192',NULL,NULL,'\0',1,1,1,'2017-02-10',9,1,12,0),('3193',NULL,NULL,'\0',1,0,0,'2017-02-10',0,3,15,0),('3194',NULL,NULL,'\0',1,1,1,'2017-02-11',6,0,16,0),('3195',NULL,NULL,'\0',1,1,1,'2017-02-10',0,2,35,0),('3196',NULL,NULL,'\0',1,0,0,'2017-02-10',0,5,13,0),('3197',NULL,NULL,'\0',1,1,1,'2017-02-10',2,0,15,1),('3198',NULL,NULL,'\0',1,1,1,'2017-02-10',9,1,8,0),('3199',NULL,NULL,'\0',1,1,1,'2017-02-10',9,3,2,0),('320',NULL,NULL,'\0',1,0,0,'2017-02-10',0,22,17,0),('3200',NULL,NULL,'\0',1,0,0,'2017-02-10',0,2,16,0),('3201',NULL,NULL,'\0',1,0,0,'2017-02-10',0,13,5,0),('3202',NULL,NULL,'\0',1,1,1,'2017-02-10',2,0,16,0),('3203',NULL,NULL,'\0',1,1,1,'2017-02-11',25,0,1,0),('3205',NULL,NULL,'\0',1,1,1,'2017-02-10',10,0,12,0),('3206',NULL,NULL,'\0',1,1,1,'2017-02-10',4,0,22,0),('3207',NULL,NULL,'\0',1,1,1,'2017-02-10',12,0,14,0),('3209',NULL,NULL,'\0',1,0,0,'2017-02-10',0,8,13,0),('321',NULL,NULL,'\0',1,0,0,'2017-02-10',0,7,20,0),('3210',NULL,NULL,'\0',1,0,0,'2017-02-10',0,5,13,0),('3211',NULL,NULL,'\0',1,1,1,'2017-02-10',14,0,8,0),('3212',NULL,NULL,'\0',1,0,0,'2017-02-10',0,5,17,0),('3213',NULL,NULL,'\0',1,1,1,'2017-02-10',20,0,1,0),('3214',NULL,NULL,'\0',1,0,0,'2017-02-10',0,2,20,0),('3215',NULL,NULL,'\0',1,0,0,'2017-02-10',0,9,9,0),('3216',NULL,NULL,'\0',1,0,0,'2017-02-10',0,5,13,0),('3217',NULL,NULL,'\0',1,0,0,'2017-02-10',0,8,9,1),('322',NULL,NULL,'\0',1,0,0,'2017-02-10',0,6,25,0),('3220',NULL,NULL,'\0',1,0,0,'2017-02-10',0,6,12,0),('3221',NULL,NULL,'\0',1,0,0,'2017-02-10',0,11,16,0),('3223',NULL,NULL,'\0',1,0,0,'2017-02-11',0,0,55,0),('3224',NULL,NULL,'\0',1,0,0,'2017-02-11',0,23,16,0),('3225',NULL,NULL,'\0',1,1,1,'2017-02-10',6,0,8,0),('3226',NULL,NULL,'\0',1,0,0,'2017-02-10',0,7,38,0),('323',NULL,NULL,'\0',1,1,1,'2017-02-11',6,1,32,0),('3230',NULL,NULL,'\0',1,1,1,'2017-02-11',1,0,6,0),('3231',NULL,NULL,'\0',1,0,0,'2017-02-10',0,0,39,0),('3232',NULL,NULL,'\0',1,0,0,'2017-02-10',0,3,28,0),('3233',NULL,NULL,'\0',1,0,0,'2017-02-11',0,2,37,0),('3235',NULL,NULL,'\0',1,0,0,'2017-02-10',0,1,30,0),('3236',NULL,NULL,'\0',1,1,1,'2017-02-11',20,0,13,0),('3237',NULL,NULL,'\0',1,0,0,'2017-02-03',0,1,0,0),('3238',NULL,NULL,'\0',1,0,0,'2017-02-10',0,23,14,0),('324',NULL,NULL,'\0',1,1,1,'2017-02-11',5,2,44,0),('3241',NULL,NULL,'\0',1,1,1,'2017-02-10',4,0,15,0),('3242',NULL,NULL,'\0',1,0,0,'2017-02-10',0,1,38,0),('3243',NULL,NULL,'\0',1,0,0,'2017-02-10',0,1,28,0),('3244',NULL,NULL,'\0',1,0,0,'2017-02-11',0,12,17,2),('3246',NULL,NULL,'\0',1,0,0,'2017-02-10',0,2,25,0),('3249',NULL,NULL,'\0',1,1,1,'2017-02-11',1,0,14,0),('325',NULL,NULL,'\0',1,0,0,'2017-02-10',0,22,13,0),('3255',NULL,NULL,'\0',1,1,1,'2017-02-11',9,0,58,0),('3256',NULL,NULL,'\0',1,1,1,'2017-02-11',3,4,15,0),('3258',NULL,NULL,'\0',1,1,1,'2017-02-11',1,2,34,0),('3259',NULL,NULL,'\0',1,1,1,'2017-02-11',18,0,9,0),('326',NULL,NULL,'\0',1,0,0,'2017-02-10',0,27,0,0),('3260',NULL,NULL,'\0',1,0,0,'2017-02-11',0,23,8,0),('3263',NULL,NULL,'\0',1,1,1,'2017-02-11',6,1,52,0),('3265',NULL,NULL,'\0',1,1,1,'2017-02-11',30,0,1,0),('3267',NULL,NULL,'\0',1,1,1,'2017-02-11',11,0,2,1),('3268',NULL,NULL,'\0',1,0,0,'2017-02-10',0,4,10,0),('3269',NULL,NULL,'\0',1,0,0,'2017-02-10',0,6,8,0),('327',NULL,NULL,'\0',1,0,0,'2017-02-11',0,3,36,0),('3270',NULL,NULL,'\0',1,1,1,'2017-02-10',4,0,10,0),('3271',NULL,NULL,'\0',1,0,0,'2017-02-10',0,0,11,0),('3272',NULL,NULL,'\0',1,0,0,'2017-02-10',0,2,12,0),('3273',NULL,NULL,'\0',1,0,0,'2017-02-10',0,1,17,0),('3274',NULL,NULL,'\0',1,0,0,'2017-02-10',0,3,11,0),('3275',NULL,NULL,'\0',1,1,1,'2017-02-11',2,1,11,0),('3276',NULL,NULL,'\0',1,1,1,'2017-02-10',10,2,14,0),('3277',NULL,NULL,'\0',1,0,0,'2017-02-10',0,2,12,0),('3278',NULL,NULL,'\0',1,0,0,'2017-02-10',0,12,2,0),('3279',NULL,NULL,'\0',1,1,1,'2017-02-10',14,0,4,0),('328',NULL,NULL,'\0',1,0,0,'2017-02-10',0,1,22,0),('3280',NULL,NULL,'\0',1,0,0,'2017-02-10',0,9,5,0),('3281',NULL,NULL,'\0',1,0,0,'2017-02-10',0,4,10,0),('3282',NULL,NULL,'\0',1,1,1,'2017-02-11',0,1,37,0),('3283',NULL,NULL,'\0',1,0,0,'2017-02-10',0,5,38,0),('3284',NULL,NULL,'\0',1,0,0,'2017-02-10',0,6,35,0),('3285',NULL,NULL,'\0',1,1,1,'2017-02-11',3,2,38,0),('3286',NULL,NULL,'\0',1,0,0,'2017-02-10',0,22,17,0),('3288',NULL,NULL,'\0',1,0,0,'2017-02-10',0,17,22,0),('3289',NULL,NULL,'\0',1,0,0,'2017-02-10',0,14,17,0),('3290',NULL,NULL,'\0',1,0,0,'2017-02-10',0,16,19,0),('3292',NULL,NULL,'\0',1,1,1,'2017-02-11',1,0,42,0),('3293',NULL,NULL,'\0',1,1,1,'2017-02-10',13,0,11,0),('3294',NULL,NULL,'\0',1,0,0,'2017-02-10',0,9,26,0),('3295',NULL,NULL,'\0',1,0,0,'2017-02-10',0,18,41,0),('3296',NULL,NULL,'\0',0,0,0,NULL,0,0,0,0),('3297',NULL,NULL,'\0',1,0,0,'2017-02-10',0,0,21,0),('3298',NULL,NULL,'\0',1,1,1,'2017-02-10',0,0,23,0),('3299',NULL,NULL,'\0',0,0,0,NULL,0,0,0,0),('330',NULL,NULL,'\0',1,0,0,'2017-02-10',0,1,38,0),('3300',NULL,NULL,'\0',1,1,1,'2017-02-11',5,0,20,0),('3301',NULL,NULL,'\0',1,0,0,'2017-02-10',0,13,26,0),('3302',NULL,NULL,'\0',1,1,1,'2017-02-10',8,0,15,0),('3303',NULL,NULL,'\0',1,0,0,'2017-02-10',0,7,18,0),('3304',NULL,NULL,'\0',1,0,0,'2017-02-11',0,1,26,0),('3305',NULL,NULL,'\0',1,0,0,'2017-02-10',0,17,22,0),('3306',NULL,NULL,'\0',1,0,0,'2017-02-10',0,3,20,0),('3307',NULL,NULL,'\0',1,0,0,'2017-02-10',0,14,17,0),('3308',NULL,NULL,'\0',1,0,0,'2017-02-10',0,7,20,0),('3309',NULL,NULL,'\0',1,1,1,'2017-02-10',1,0,29,0),('331',NULL,NULL,'\0',1,0,0,'2017-02-10',0,23,4,0),('3310',NULL,NULL,'\0',1,0,0,'2017-02-10',0,8,16,0),('3311',NULL,NULL,'\0',1,1,1,'2017-02-10',21,0,0,0),('3312',NULL,NULL,'\0',1,0,0,'2017-02-11',0,36,3,0),('3313',NULL,NULL,'\0',1,0,0,'2017-02-10',0,7,22,0),('3314',NULL,NULL,'\0',1,0,0,'2017-02-10',0,6,26,0),('3315',NULL,NULL,'\0',1,0,0,'2017-02-10',0,23,0,0),('3316',NULL,NULL,'\0',1,0,0,'2017-02-10',0,14,33,0),('3317',NULL,NULL,'\0',1,1,1,'2017-02-11',23,0,1,0),('3318',NULL,NULL,'\0',0,0,0,NULL,0,0,0,0),('3319',NULL,NULL,'\0',1,1,1,'2017-02-11',15,0,3,0),('332',NULL,NULL,'\0',1,0,0,'2017-02-10',0,24,0,0),('3320',NULL,NULL,'\0',1,1,1,'2017-02-11',10,0,39,0),('3321',NULL,NULL,'\0',1,1,1,'2017-02-11',3,0,22,0),('3322',NULL,NULL,'\0',1,0,0,'2017-02-10',0,19,6,0),('3323',NULL,NULL,'\0',1,0,0,'2017-02-10',0,28,31,0),('3324',NULL,NULL,'\0',1,0,0,'2017-02-10',0,22,3,0),('3325',NULL,NULL,'\0',1,1,1,'2017-02-11',16,0,15,0),('3326',NULL,NULL,'\0',1,0,0,'2017-02-10',0,0,21,0),('3327',NULL,NULL,'\0',1,1,1,'2017-02-10',20,0,7,0),('3328',NULL,NULL,'\0',1,0,0,'2017-02-10',0,11,28,0),('3329',NULL,NULL,'\0',1,1,1,'2017-02-10',1,0,26,0),('3330',NULL,NULL,'\0',1,0,0,'2017-02-10',0,10,9,0),('3331',NULL,NULL,'\0',1,0,0,'2017-02-10',0,9,30,0),('3332',NULL,NULL,'\0',1,0,0,'2017-02-10',0,5,14,0),('3333',NULL,NULL,'\0',1,0,0,'2017-02-10',0,16,5,0),('3335',NULL,NULL,'\0',1,0,0,'2017-02-10',0,25,3,0),('3336',NULL,NULL,'\0',1,0,0,'2017-02-10',0,5,36,0),('3337',NULL,NULL,'\0',0,0,0,NULL,0,0,0,0),('3338',NULL,NULL,'\0',1,0,0,'2017-02-10',0,18,13,0),('3339',NULL,NULL,'\0',1,1,1,'2017-02-11',11,2,10,0),('334',NULL,NULL,'\0',1,0,0,'2017-02-10',0,1,30,0),('3340',NULL,NULL,'\0',1,0,0,'2017-02-10',0,8,13,0),('3341',NULL,NULL,'\0',1,0,0,'2017-02-10',0,20,21,0),('3342',NULL,NULL,'\0',1,1,1,'2017-02-10',6,0,17,0),('3343',NULL,NULL,'\0',1,0,0,'2017-02-10',0,4,19,0),('3344',NULL,NULL,'\0',1,0,0,'2017-02-10',0,17,2,0),('3345',NULL,NULL,'\0',1,0,0,'2017-02-10',0,4,31,0),('3346',NULL,NULL,'\0',1,0,0,'2017-02-10',0,0,29,0),('3347',NULL,NULL,'\0',1,1,1,'2017-02-11',17,0,4,0),('3348',NULL,NULL,'\0',1,0,0,'2017-02-10',0,12,3,0),('3349',NULL,NULL,'\0',1,1,1,'2017-02-11',3,2,25,0),('335',NULL,NULL,'\0',1,1,1,'2017-02-11',0,2,25,0),('3350',NULL,NULL,'\0',1,0,0,'2017-02-10',0,18,21,0),('3351',NULL,NULL,'\0',1,0,0,'2017-02-10',0,23,2,0),('3352',NULL,NULL,'\0',1,1,1,'2017-02-10',16,0,5,0),('3353',NULL,NULL,'\0',1,0,0,'2017-02-10',0,18,6,0),('3354',NULL,NULL,'\0',1,1,1,'2017-02-10',7,0,24,0),('3355',NULL,NULL,'\0',1,1,1,'2017-02-11',3,0,22,0),('3356',NULL,NULL,'\0',1,1,1,'2017-02-11',6,1,14,0),('3357',NULL,NULL,'\0',1,0,0,'2017-02-10',0,7,28,0),('3358',NULL,NULL,'\0',1,0,0,'2017-02-10',0,8,17,0),('3359',NULL,NULL,'\0',1,0,0,'2017-02-10',0,1,34,0),('336',NULL,NULL,'\0',1,0,0,'2017-02-10',0,23,13,0),('3360',NULL,NULL,'\0',1,1,1,'2017-02-11',24,0,1,0),('3361',NULL,NULL,'\0',1,0,0,'2017-02-10',0,9,14,0),('3362',NULL,NULL,'\0',1,0,0,'2017-02-10',0,1,33,0),('3363',NULL,NULL,'\0',1,1,1,'2017-02-10',10,0,23,0),('3364',NULL,NULL,'\0',1,0,0,'2017-02-10',0,16,11,0),('3365',NULL,NULL,'\0',1,0,0,'2017-02-10',0,0,27,0),('3366',NULL,NULL,'\0',1,1,1,'2017-02-11',4,0,27,0),('3367',NULL,NULL,'\0',1,1,1,'2017-02-10',21,0,18,0),('3368',NULL,NULL,'\0',1,1,1,'2017-02-10',20,0,10,0),('3369',NULL,NULL,'\0',0,0,0,NULL,0,0,0,0),('337',NULL,NULL,'\0',1,0,0,'2017-02-10',0,0,37,0),('3370',NULL,NULL,'\0',1,0,0,'2017-02-11',0,19,6,0),('3371',NULL,NULL,'\0',1,1,1,'2017-02-10',13,0,14,0),('3372',NULL,NULL,'\0',1,0,0,'2017-02-11',0,24,15,0),('3373',NULL,NULL,'\0',1,1,1,'2017-02-11',1,1,25,0),('3374',NULL,NULL,'\0',1,1,1,'2017-02-11',32,1,3,0),('3375',NULL,NULL,'\0',1,0,0,'2017-02-10',0,11,24,0),('3376',NULL,NULL,'\0',1,1,1,'2017-02-11',5,0,34,0),('3377',NULL,NULL,'\0',1,0,0,'2017-02-10',0,10,15,0),('3378',NULL,NULL,'\0',1,0,0,'2017-02-10',0,0,28,0),('3379',NULL,NULL,'\0',1,0,0,'2017-02-10',0,7,28,0),('3381',NULL,NULL,'\0',1,0,0,'2017-02-10',0,1,20,0),('3382',NULL,NULL,'\0',1,0,0,'2017-02-10',0,10,21,0),('3383',NULL,NULL,'\0',1,1,1,'2017-02-11',16,1,8,0),('3384',NULL,NULL,'\0',1,1,1,'2017-02-11',3,1,21,0),('3386',NULL,NULL,'\0',1,0,0,'2017-02-10',0,5,22,0),('3387',NULL,NULL,'\0',1,1,1,'2017-02-11',15,0,10,0),('3388',NULL,NULL,'\0',1,0,0,'2017-02-10',0,11,14,0),('3389',NULL,NULL,'\0',1,0,0,'2017-02-11',0,25,3,0),('339',NULL,NULL,'\0',1,1,1,'2017-02-11',23,0,1,0),('3390',NULL,NULL,'\0',1,1,1,'2017-02-10',15,0,9,0),('3391',NULL,NULL,'\0',1,1,1,'2017-02-10',20,0,5,0),('3392',NULL,NULL,'\0',1,1,1,'2017-02-10',2,0,17,0),('3393',NULL,NULL,'\0',1,0,0,'2017-02-10',0,9,10,0),('3394',NULL,NULL,'\0',1,0,0,'2017-02-11',0,11,8,2),('3395',NULL,NULL,'\0',1,1,1,'2017-02-10',3,0,16,0),('3396',NULL,NULL,'\0',1,1,1,'2017-02-11',2,0,23,0),('3397',NULL,NULL,'\0',1,0,0,'2017-02-10',0,2,23,0),('3398',NULL,NULL,'\0',1,0,0,'2017-02-10',0,0,23,0),('3399',NULL,NULL,'\0',1,1,1,'2017-02-11',12,1,8,0),('340',NULL,NULL,'\0',1,0,0,'2017-02-10',0,7,20,0),('3400',NULL,NULL,'\0',1,1,1,'2017-02-10',24,0,0,0),('3401',NULL,NULL,'\0',1,0,0,'2017-02-10',0,12,7,0),('3402',NULL,NULL,'\0',1,0,0,'2017-02-11',0,6,17,0),('3403',NULL,NULL,'\0',1,0,0,'2017-02-10',0,18,13,0),('3404',NULL,NULL,'\0',1,0,0,'2017-02-11',0,8,19,0),('3405',NULL,NULL,'\0',1,0,0,'2017-02-10',0,6,9,0),('3407',NULL,NULL,'\0',1,0,0,'2017-02-10',0,9,6,0),('3408',NULL,NULL,'\0',1,0,0,'2017-02-11',0,9,18,0),('3409',NULL,NULL,'\0',1,0,0,'2017-02-10',0,4,31,0),('341',NULL,NULL,'\0',1,0,0,'2017-02-10',0,12,7,0),('3410',NULL,NULL,'\0',1,0,0,'2017-02-10',0,2,29,0),('3411',NULL,NULL,'\0',1,0,0,'2017-02-10',0,7,20,0),('3412',NULL,NULL,'\0',1,1,1,'2017-02-10',4,0,11,0),('3413',NULL,NULL,'\0',1,1,1,'2017-02-11',11,0,11,0),('3414',NULL,NULL,'\0',1,0,0,'2017-02-11',0,8,25,0),('3415',NULL,NULL,'\0',1,0,0,'2017-02-10',0,16,9,0),('3416',NULL,NULL,'\0',1,0,0,'2017-02-10',0,0,17,0),('3417',NULL,NULL,'\0',1,1,1,'2017-02-10',24,0,3,0),('3418',NULL,NULL,'\0',1,0,0,'2017-02-10',0,3,30,0),('3419',NULL,NULL,'\0',1,0,0,'2017-02-10',0,24,3,0),('342',NULL,NULL,'\0',1,1,1,'2017-02-11',21,0,8,0),('3420',NULL,NULL,'\0',1,1,1,'2017-02-11',17,0,4,0),('3421',NULL,NULL,'\0',1,0,0,'2017-02-10',0,5,18,0),('3422',NULL,NULL,'\0',1,1,1,'2017-02-11',21,0,0,0),('3423',NULL,NULL,'\0',1,0,0,'2017-02-11',0,3,26,0),('3424',NULL,NULL,'\0',1,1,1,'2017-02-10',6,0,21,0),('3425',NULL,NULL,'\0',1,1,1,'2017-02-10',13,0,20,0),('3427',NULL,NULL,'\0',1,0,0,'2017-02-11',0,4,36,0),('3428',NULL,NULL,'\0',1,1,1,'2017-02-10',0,0,25,0),('3429',NULL,NULL,'\0',1,0,0,'2017-02-11',0,26,13,0),('343',NULL,NULL,'\0',1,1,1,'2017-02-11',18,0,5,0),('3430',NULL,NULL,'\0',1,0,0,'2017-02-10',0,9,10,0),('3431',NULL,NULL,'\0',1,0,0,'2017-02-11',0,20,6,0),('3434',NULL,NULL,'\0',1,0,0,'2017-02-10',0,7,28,0),('3435',NULL,NULL,'\0',1,1,1,'2017-02-11',0,0,45,0),('3436',NULL,NULL,'\0',1,1,1,'2017-02-11',0,0,31,0),('3437',NULL,NULL,'\0',1,0,0,NULL,0,0,0,0),('3438',NULL,NULL,'\0',1,1,1,'2017-02-11',12,0,19,0),('344',NULL,NULL,'\0',1,1,1,'2017-02-10',8,1,14,0),('3440',NULL,NULL,'\0',1,1,1,'2017-02-10',0,0,43,0),('3443',NULL,NULL,'\0',1,1,1,'2017-02-10',0,0,41,0),('3445',NULL,NULL,'\0',1,0,0,'2017-02-11',0,11,28,0),('3447',NULL,NULL,'\0',1,1,1,'2017-02-10',0,0,41,0),('345',NULL,NULL,'\0',1,0,0,'2017-02-10',0,15,20,0),('346',NULL,NULL,'\0',1,0,0,'2017-02-10',0,25,2,0),('347',NULL,NULL,'\0',1,0,0,'2017-02-11',0,1,34,0),('348',NULL,NULL,'\0',1,0,0,'2017-02-11',0,12,30,0),('349',NULL,NULL,'\0',1,0,0,'2017-02-10',0,17,6,0),('350',NULL,NULL,'\0',1,0,0,'2017-02-10',0,22,6,0),('351',NULL,NULL,'\0',1,0,0,'2017-02-10',0,5,34,0),('352',NULL,NULL,'\0',1,0,0,'2016-12-20',0,0,0,4),('353',NULL,NULL,'\0',1,1,1,'2017-02-11',2,0,25,0),('354',NULL,NULL,'\0',1,1,1,'2017-02-11',10,1,12,0),('355',NULL,NULL,'\0',1,0,0,'2017-02-10',0,7,36,0),('356',NULL,NULL,'\0',1,1,1,'2017-02-11',19,1,3,0),('357',NULL,NULL,'\0',1,0,0,'2017-02-10',0,4,23,0),('358',NULL,NULL,'\0',1,0,0,'2017-02-11',0,33,3,0),('359',NULL,NULL,'\0',1,0,0,'2017-02-10',0,0,55,0),('360',NULL,NULL,'\0',1,1,1,'2017-02-11',1,0,38,0),('361',NULL,NULL,'\0',1,0,0,'2017-02-11',0,1,42,0),('362',NULL,NULL,'\0',1,1,1,'2017-02-11',0,1,56,0),('363',NULL,NULL,'\0',1,0,0,'2017-02-10',0,27,22,0),('364',NULL,NULL,'\0',1,1,1,'2017-02-11',14,2,11,0),('365',NULL,NULL,'\0',1,1,1,'2017-02-11',12,0,19,0),('366',NULL,NULL,'\0',1,0,0,'2017-02-10',0,24,9,0),('367',NULL,NULL,'\0',1,0,0,'2017-01-26',0,0,0,7),('368',NULL,NULL,'\0',1,1,1,'2017-02-11',10,0,29,0),('369',NULL,NULL,'\0',1,1,1,'2017-02-11',16,0,19,0),('372',NULL,NULL,'\0',1,0,0,'2017-02-10',0,7,20,0),('373',NULL,NULL,'\0',1,1,1,'2017-02-11',6,0,13,0),('376',NULL,NULL,'\0',1,0,0,'2017-02-11',0,4,38,1),('377',NULL,NULL,'\0',1,1,1,'2017-02-11',18,0,29,0),('379',NULL,NULL,'\0',1,1,1,'2017-02-11',22,1,19,0),('380',NULL,NULL,'\0',1,0,0,'2017-02-10',0,34,5,0),('382',NULL,NULL,'\0',1,1,1,'2017-02-11',1,3,32,0),('383',NULL,NULL,'\0',1,0,0,'2017-02-11',0,26,13,0),('384',NULL,NULL,'\0',1,0,0,'2017-02-10',0,13,18,0),('385',NULL,NULL,'\0',1,0,0,'2017-02-10',0,1,28,0),('386',NULL,NULL,'\0',1,1,1,'2017-02-11',1,2,40,0),('387',NULL,NULL,'\0',1,0,0,'2017-02-10',0,0,39,0),('388',NULL,NULL,'\0',1,0,0,'2017-02-11',0,8,27,0),('389',NULL,NULL,'\0',1,0,0,'2017-02-10',0,15,12,0),('390',NULL,NULL,'\0',1,0,0,'2017-02-10',0,5,26,0),('391',NULL,NULL,'\0',1,0,0,'2017-02-11',0,2,29,0),('392',NULL,NULL,'\0',1,0,0,'2017-02-10',0,1,31,0),('393',NULL,NULL,'\0',1,1,1,'2017-02-11',29,0,2,0),('394',NULL,NULL,'\0',1,1,1,'2017-02-11',1,1,30,0),('395',NULL,NULL,'\0',1,0,0,'2017-02-10',0,5,25,0),('396',NULL,NULL,'\0',1,1,1,'2017-02-10',14,2,9,0),('397',NULL,NULL,'\0',1,1,1,'2017-02-10',3,0,24,0),('398',NULL,NULL,'\0',1,1,1,'2017-02-11',6,1,24,0),('399',NULL,NULL,'\0',1,1,1,'2017-02-11',8,1,18,0),('400',NULL,NULL,'\0',1,1,1,'2017-02-11',6,1,8,0),('401',NULL,NULL,'\0',1,0,0,'2017-02-10',0,0,42,0),('402',NULL,NULL,'\0',1,0,0,'2017-02-11',0,2,38,0),('405',NULL,NULL,'\0',1,0,0,'2017-01-26',0,0,3,0),('406',NULL,NULL,'\0',1,0,0,'2017-02-10',0,7,27,0),('407',NULL,NULL,'\0',1,1,1,'2017-02-11',5,1,31,0),('408',NULL,NULL,'\0',1,0,0,'2017-02-10',0,22,1,0),('409',NULL,NULL,'\0',1,1,1,'2017-02-10',6,1,12,0),('410',NULL,NULL,'\0',1,0,0,'2017-02-11',0,26,9,0),('411',NULL,NULL,'\0',1,1,1,'2017-02-11',22,0,1,0),('412',NULL,NULL,'\0',1,1,1,'2017-02-11',2,0,27,0),('414',NULL,NULL,'\0',1,0,0,'2017-02-10',0,0,24,0),('415',NULL,NULL,'\0',1,0,0,'2017-02-10',0,0,42,0),('416',NULL,NULL,'\0',1,1,1,'2017-02-10',12,0,19,0),('417',NULL,NULL,'\0',1,0,0,'2017-02-10',0,7,16,0),('418',NULL,NULL,'\0',1,0,0,'2017-02-10',0,0,23,0),('419',NULL,NULL,'\0',1,0,0,'2017-02-10',0,14,9,0),('420',NULL,NULL,'\0',1,0,0,'2017-02-10',0,9,14,0),('421',NULL,NULL,'\0',1,1,1,'2017-02-10',14,0,5,0),('422',NULL,NULL,'\0',1,0,0,'2017-02-10',0,7,48,0),('423',NULL,NULL,'\0',1,0,0,'2017-02-10',0,0,39,0),('426',NULL,NULL,'\0',1,1,1,'2017-02-11',5,2,24,0),('427',NULL,NULL,'\0',1,0,0,'2017-02-10',0,14,33,0),('428',NULL,NULL,'\0',1,0,0,'2017-02-11',0,31,0,0),('430',NULL,NULL,'\0',1,1,1,'2017-02-11',0,0,27,0),('432',NULL,NULL,'\0',1,1,1,'2017-02-11',24,0,7,0),('433',NULL,NULL,'\0',1,1,1,'2017-02-11',36,1,2,0),('434',NULL,NULL,'\0',1,0,0,'2017-02-11',0,18,9,0),('435',NULL,NULL,'\0',1,0,0,'2017-02-11',0,8,39,0),('436',NULL,NULL,'\0',1,1,1,'2017-02-11',6,0,21,0),('437',NULL,NULL,'\0',1,1,1,'2017-02-11',9,1,14,0),('438',NULL,NULL,'\0',1,1,1,'2017-02-11',21,2,4,0),('439',NULL,NULL,'\0',1,0,0,'2017-02-10',0,36,3,0),('440',NULL,NULL,'\0',1,0,0,'2017-02-10',0,1,31,0),('441',NULL,NULL,'\0',1,0,0,'2017-02-10',0,2,33,0),('442',NULL,NULL,'\0',1,0,0,'2017-02-11',0,5,46,0),('443',NULL,NULL,'\0',1,1,1,'2017-02-11',3,0,20,0),('444',NULL,NULL,'\0',1,1,1,'2017-02-10',0,1,51,0),('445',NULL,NULL,'\0',1,1,1,'2017-02-11',39,2,1,0),('446',NULL,NULL,'\0',1,0,0,'2017-02-10',0,2,37,0),('447',NULL,NULL,'\0',1,0,0,'2017-02-11',0,2,29,0),('448',NULL,NULL,'\0',1,0,0,'2017-02-10',0,23,8,0),('449',NULL,NULL,'\0',1,0,0,'2017-02-10',0,7,24,0),('450',NULL,NULL,'\0',1,1,1,'2017-02-10',3,0,56,0),('453',NULL,NULL,'\0',1,1,1,'2017-02-11',35,0,4,0),('454',NULL,NULL,'\0',1,1,1,'2017-02-11',2,0,33,0),('455',NULL,NULL,'\0',1,0,0,'2017-02-10',0,0,39,0),('456',NULL,NULL,'\0',1,0,0,'2017-02-11',0,1,34,0),('457',NULL,NULL,'\0',1,1,1,'2017-02-10',0,2,37,0),('458',NULL,NULL,'\0',1,0,0,'2017-02-11',0,8,23,0),('459',NULL,NULL,'\0',1,0,0,'2017-02-11',0,19,30,0),('460',NULL,NULL,'\0',1,0,0,'2017-02-10',0,11,12,0),('461',NULL,NULL,'\0',1,0,0,'2017-02-11',0,31,8,0),('462',NULL,NULL,'\0',1,0,0,NULL,0,0,0,0),('465',NULL,NULL,'\0',1,1,1,'2017-02-11',0,1,38,0),('466',NULL,NULL,'\0',1,1,1,'2017-02-11',0,0,35,0),('467',NULL,NULL,'\0',1,1,1,'2017-02-11',3,0,31,0),('468',NULL,NULL,'\0',1,1,1,'2017-02-11',2,0,57,0),('469',NULL,NULL,'\0',1,1,1,'2017-02-11',0,1,56,0),('470',NULL,NULL,'\0',1,1,1,'2017-02-11',0,0,37,0),('471',NULL,NULL,'\0',1,1,1,'2017-02-11',21,2,8,0),('472',NULL,NULL,'\0',1,0,0,'2017-02-11',0,1,40,0),('473',NULL,NULL,'\0',1,1,1,'2017-02-11',1,1,36,0),('474',NULL,NULL,'\0',1,1,1,'2017-02-11',2,1,36,0),('475',NULL,NULL,'\0',1,1,1,'2017-02-11',1,3,33,0),('476',NULL,NULL,'\0',1,0,0,'2017-02-10',0,7,40,0),('477',NULL,NULL,'\0',1,1,1,'2017-02-11',54,0,5,0),('478',NULL,NULL,'\0',1,1,1,'2017-02-11',24,1,6,0),('479',NULL,NULL,'\0',1,0,0,'2017-02-11',0,1,30,0),('480',NULL,NULL,'\0',1,0,0,'2017-02-10',0,23,4,0),('481',NULL,NULL,'\0',1,0,0,'2017-02-10',0,14,11,0),('482',NULL,NULL,'\0',1,0,0,'2017-02-11',0,33,6,0),('483',NULL,NULL,'\0',1,0,0,'2017-02-11',0,28,7,0),('484',NULL,NULL,'\0',1,0,0,'2017-02-10',0,2,42,0),('485',NULL,NULL,'\0',1,0,0,'2017-02-10',0,1,38,0),('486',NULL,NULL,'\0',1,1,1,'2017-02-11',0,0,39,0),('487',NULL,NULL,'\0',1,0,0,'2017-02-10',0,25,11,0),('488',NULL,NULL,'\0',1,0,0,'2017-02-10',0,41,0,0),('490',NULL,NULL,'\0',1,1,1,'2017-02-11',41,1,17,0),('491',NULL,NULL,'\0',1,0,0,'2017-02-11',0,4,49,0),('492',NULL,NULL,'\0',1,1,1,'2017-02-11',29,2,18,0),('493',NULL,NULL,'\0',1,0,0,'2017-02-11',0,3,31,0),('494',NULL,NULL,'\0',1,0,0,'2017-02-11',0,24,11,0),('495',NULL,NULL,'\0',1,0,0,'2017-02-10',0,23,2,0),('496',NULL,NULL,'\0',1,0,0,'2017-02-11',0,4,43,0),('497',NULL,NULL,'\0',1,1,1,'2017-02-11',1,0,58,0),('498',NULL,NULL,'\0',1,1,1,'2017-02-11',1,0,29,0),('499',NULL,NULL,'\0',1,1,1,'2017-02-10',0,0,36,0),('500',NULL,NULL,'\0',1,1,1,'2017-02-11',0,2,50,0),('501',NULL,NULL,'\0',1,1,1,'2017-02-11',36,0,7,0),('502',NULL,NULL,'\0',1,0,0,'2017-02-10',0,9,21,0),('503',NULL,NULL,'\0',1,0,0,'2017-02-11',0,1,28,0),('504',NULL,NULL,'\0',1,0,0,'2017-02-10',0,44,1,0),('505',NULL,NULL,'\0',1,1,1,'2017-02-11',0,0,36,0),('507',NULL,NULL,'\0',1,0,0,'2017-02-10',0,8,39,0),('508',NULL,NULL,'\0',1,0,0,'2017-02-10',0,13,11,0),('509',NULL,NULL,'\0',1,0,0,'2017-02-10',0,36,0,0),('511',NULL,NULL,'\0',1,1,1,'2017-02-11',30,1,2,0),('513',NULL,NULL,'\0',1,0,0,'2017-02-11',0,3,24,0),('514',NULL,NULL,'\0',1,1,1,'2017-02-11',50,1,2,0),('515',NULL,NULL,'\0',1,0,0,'2017-02-11',0,34,1,0),('516',NULL,NULL,'\0',1,0,0,'2017-02-11',0,5,26,0),('517',NULL,NULL,'\0',1,1,1,'2017-02-11',11,0,48,0),('518',NULL,NULL,'\0',1,0,0,'2017-02-11',0,9,30,0),('519',NULL,NULL,'\0',1,1,1,'2017-02-11',3,2,56,0),('520',NULL,NULL,'\0',1,1,1,'2017-02-11',0,2,37,0),('522',NULL,NULL,'\0',1,0,0,'2017-02-10',0,3,48,0),('523',NULL,NULL,'\0',1,0,0,'2017-02-11',0,41,10,0),('524',NULL,NULL,'\0',1,0,0,'2017-02-10',0,1,56,0),('525',NULL,NULL,'\0',1,1,1,'2017-02-11',2,0,37,0),('526',NULL,NULL,'\0',1,0,0,'2017-02-11',0,3,36,0),('527',NULL,NULL,'\0',1,0,0,'2017-02-10',0,14,45,0),('528',NULL,NULL,'\0',1,0,0,'2017-02-10',0,10,29,0),('529',NULL,NULL,'\0',1,1,1,'2017-02-11',40,0,1,0),('530',NULL,NULL,'\0',1,1,1,'2017-02-11',19,4,13,0),('531',NULL,NULL,'\0',1,0,0,'2017-02-11',0,1,38,0),('532',NULL,NULL,'\0',1,1,1,'2017-02-11',16,1,26,0),('533',NULL,NULL,'\0',1,1,1,'2017-02-11',1,1,48,0),('534',NULL,NULL,'\0',1,1,1,'2017-02-11',7,1,23,0),('536',NULL,NULL,'\0',1,1,1,'2017-02-11',2,0,27,0),('537',NULL,NULL,'\0',1,0,0,'2017-02-10',0,6,33,0),('539',NULL,NULL,'\0',1,1,1,'2017-02-10',4,0,27,0),('540',NULL,NULL,'\0',1,0,0,'2017-02-10',0,3,27,0),('545',NULL,NULL,'\0',1,0,0,'2017-02-11',0,26,1,0),('546',NULL,NULL,'\0',1,0,0,'2017-02-10',0,1,37,0),('72',NULL,NULL,'\0',1,0,0,'2017-02-11',0,7,32,0),('79',NULL,NULL,'\0',1,1,1,'2017-02-11',6,0,27,0),('82',NULL,NULL,'\0',1,0,0,'2017-02-10',0,0,27,0),('83',NULL,NULL,'\0',1,0,0,'2017-02-10',0,25,37,0);

/*!40101 SET SQL_MODE=@OLD_SQL_MODE */;
/*!40014 SET FOREIGN_KEY_CHECKS=@OLD_FOREIGN_KEY_CHECKS */;
/*!40014 SET UNIQUE_CHECKS=@OLD_UNIQUE_CHECKS */;
/*!40111 SET SQL_NOTES=@OLD_SQL_NOTES */;


DELIMITER $$

USE `station_schema`$$

DROP TRIGGER /*!50032 IF EXISTS */ `stationinfo_BEFORE_INSERT`$$

CREATE
    /*!50017 DEFINER = 'root'@'localhost' */
    TRIGGER `stationinfo_BEFORE_INSERT` BEFORE INSERT ON `stationinfo` 
    FOR EACH ROW BEGIN
    SET NEW.creation_date = NOW();
END;
$$

DELIMITER ;

DELIMITER $$

USE ``station_schema``$$

DROP TRIGGER /*!50032 IF EXISTS */ `stationinfo_BEFORE_UPDATE`$$

CREATE
    /*!50017 DEFINER = 'root'@'localhost' */
    TRIGGER `stationinfo_BEFORE_UPDATE` BEFORE UPDATE ON `stationinfo` 
    FOR EACH ROW BEGIN
    SET NEW.modification_date = NOW();
END;
$$

DELIMITER ;

DELIMITER $$

USE `station_schema`$$

DROP TRIGGER /*!50032 IF EXISTS */ `stationstatus_BEFORE_INSERT`$$

CREATE
    /*!50017 DEFINER = 'root'@'localhost' */
    TRIGGER `stationstatus_BEFORE_INSERT` BEFORE INSERT ON `stationstatus` 
    FOR EACH ROW BEGIN
    SET NEW.creation_date = NOW();
END;
$$

DELIMITER ;

DELIMITER $$

USE ``station_schema``$$

DROP TRIGGER /*!50032 IF EXISTS */ `stationstatus_BEFORE_UPDATE`$$

CREATE
    /*!50017 DEFINER = 'root'@'localhost' */
    TRIGGER `stationstatus_BEFORE_UPDATE` BEFORE UPDATE ON `stationstatus` 
    FOR EACH ROW BEGIN
    SET NEW.modification_date = NOW();
END;
$$

DELIMITER ;